Country,ASN,TTL,IP,Domain,Name_Server_Count,Domain_Age,entropy,hex_8,numeric_percentage,1gram,typos,tld,char_distribution,subdomain,puny_coded,Organization,Country.1,longest_word,dec_8,dec_32,Registrant_Name,sld,shortened,2gram,oc_8,State,Registrar,hex_32,Page_Rank,oc_32,Alexa_Rank,len,obfuscate_at_sign,Emails,3gram,Domain_Name,Creation_Date_Time,label,source,url,type,domain_clean
 'rd', 'd2'],0,,,0,-1.0,0,-1.0,27,0,,['pro', 'rog', 'ogr', 'gra', 'ram', 'ama', 'maf', 'afi', 'fid', 'ide', 'del', 'eli', 'lid', 'ida', 'dad', 'ade', 'dei', 'eit', 'ita', 'tac', 'aca', 'car', 'ard', 'rd2'],,,1,csv_phishing,,,
 'joseluisdasilveira@hotmail.com'],['pro', 'rof', 'ofe', 'fes', 'ess', 'sso', 'sor', 'orj', 'rjo', 'jos', 'ose', 'ses', 'esi', 'sil', 'ilv', 'lve', 'vei', 'eir', 'ira'],PROFESSORJOSESILVEIRA.COM,2015-07-21 11:49:15,,,,,,,,,,,,,,,,,1,csv_phishing,,, 'fes'
 'gas', 'asp', 'spa', 'par', 'ari', 'rin', 'ine'],['SAUVEURGASPARINE.COM', 'sauveurgasparine.com'],2014-05-23 15:14:11,,,,,,,,,,,,,,,,,,,,,,,,,,,,,1,csv_phishing,,, 'ari'
 'iza', 'zac', 'aca', 'cao'],MINHAINDENIZACAO.COM,2018-11-27 22:03:24,,,,,,,,,,,,,,,,,,,,,,,,,,,,,,,,,1,csv_phishing,,,minhaindenizacao.com
 'gol', 'olf', 'lfc', 'fcl', 'clu', 'lub'],wetherbygolfclub.co.uk,2004-02-17 00:00:00,,,,,,,,,,,,,,,,,,,,,,,,,,,,,,,1,csv_phishing,,, 'clu'
 'hea', 'eap', 'apr', 'pro', 'roo', 'oom', 'oms', 'msv', 'sva', 'val', 'ale', 'len', 'enc', 'nci', 'cia'],['CHEAPROOMSVALENCIA.COM', 'cheaproomsvalencia.com'],2011-07-23 19:04:41,,,,,,,,,,,,,,,,,,,,,1,csv_phishing,,, 'roo'
 'gjo', 'joy'],['OVENCLEANINGJOY.COM', 'ovencleaningjoy.com'],2018-10-23 23:15:29,,,,,,,,,,,,,,,,,,,,,,,,,,,,,,,,,,1,csv_phishing,,,2018-10-23 23:15:29
 'rld', 'ldt', 'dta', 'tan', 'anz', 'nza', 'zan', 'ani', 'nia'],ONEWORLDTANZANIA.ORG,2018-01-05 12:54:38,,,,,,,,,,,,,,,,,,,,,,,,,,,,1,csv_phishing,,, 'anz'
 'nst', 'sti', 'tit', 'itu', 'tut', 'ute'],,,,,,,,,,,,,,,,,,,,,,,,,,,,,,,,,1,csv_phishing,,, 'tut'
 'ost', 'sta', 'tap', 'app'],000WEBHOSTAPP.COM,2016-05-11 13:34:12,,,,,,,,,,,,,,,,,,,,,,,,,,,,,,,,,1,csv_phishing,,,000webhostapp.com
 'ipi', 'pin', 'ino'],SILANGANPILIPINO.COM,2020-04-08 18:06:54,,,,,,,,,,,,,,,,,,,,,,,,,,,,,,,,,,1,csv_phishing,,,2020-04-08 18:06:54
 'ahi', 'hic', 'ica', 'cat', 'ate', 'ter', 'ere', 'rer', 'ers'],,,,,,,,,,,,,,,,,,,,,,,,,,,,,,1,csv_phishing,,, 'ate'
27,0,,['ama', 'mao', 'aoi', 'oir', 'iro', 'rof', 'ofe', 'fer', 'ert', 'rta', 'tad', 'ada', 'das', 'asu', 'sua', 'uav', 'avi', 'vid', 'ida'],,,,,,,,,,,,,,,,,1,csv_phishing,,, 'mao'
0,,0,,29,0,,['ofe', 'fer', 'ert', 'rta', 'tas', 'asp', 'spa', 'par', 'ara', 'rav', 'avo', 'voc', 'oce', 'cec', 'eco', 'con', 'onf', 'nfe', 'fer', 'eri', 'rir'],,,,,,,,,,,1,csv_phishing,,,29
 'esw', 'swe', 'web', 'ebr', 'bra', 'rad', 'adi', 'dio'],,,,,,,,,,,,,,,,,,,,,,,,,,,,,,,1,csv_phishing,,, 'bra'
 'cie', 'ier', 'erg', 'rge', 'ger', 'eri', 'rie'],['TLV-CONCIERGERIE.COM', 'tlv-conciergerie.com'],2018-06-08 15:02:13,,,,,,,,,,,,,,,,,,,,,,,,,,,,,1,csv_phishing,,, 'ger'
 'nin', 'ins', 'nst', 'sti', 'tit', 'itu', 'tut', 'ute'],STARBORNINSTITUTE.ORG,2010-03-03 23:18:46,,,,,,,,,,,,,,,,,,,,,,,,,,,,,1,csv_phishing,,, 'tit'
 'kou', 'out', 'uts', 'tsi', 'sid', 'ide', 'det', 'eth', 'the', 'hep', 'epo', 'pod'],THINKOUTSIDETHEPOD.COM,2017-09-19 17:19:16,,,,,,,,,,,,,,,,,,,,,,,,,1,csv_phishing,,, 'sid'
 'out', 'uts', 'tsi', 'sid', 'ide', 'det', 'eth', 'the', 'hep', 'epo', 'pod'],THINKOUTSIDETHEPOD.COM,2017-09-19 17:19:16,,,,,,,,,,,,,,,,,,,,,,,,,,1,csv_phishing,,, 'ide'
 'ers', 'rsy', 'sys', 'yst', 'ste', 'tem', 'ems'],,,,,,,,,,,,,,,,,,,,,,,,,,,,,,,,1,csv_phishing,,, 'ste'
-1.0,22,0,['abuse-contact@publicdomainregistry.com', 'contact@privacyprotect.org'],['afr', 'fri', 'ric', 'ica', 'cab', 'abo', 'bou', 'oun', 'und', 'nda', 'dad', 'adv', 'dve', 'ven', 'ent', 'ntu', 'tur', 'ure', 'res'],AFRICABOUNDADVENTURES.COM,2005-12-15 19:05:25,,,,,,,,,,,,,1,csv_phishing,,, 'contact@privacyprotect.org']
0,-1.0,25,0,['abuse-contact@publicdomainregistry.com', 'contact@privacyprotect.org'],['afr', 'fri', 'ric', 'ica', 'cab', 'abo', 'bou', 'oun', 'und', 'nda', 'dad', 'adv', 'dve', 'ven', 'ent', 'ntu', 'tur', 'ure', 'res'],AFRICABOUNDADVENTURES.COM,2005-12-15 19:05:25,,,,,,,,,,,,1,csv_phishing,,,['abuse-contact@publicdomainregistry.com'
['sig', 'ign', 'gno', 'nos', 'osp', 'spr', 'pro', 'rom', 'omo', 'moc', 'oci', 'cio', 'ion', 'ona', 'nal', 'ale', 'les'],SIGNOSPROMOCIONALES.COM,2007-07-18 23:07:38,,,,,,,,,,,,,,,,,,,,1,csv_phishing,,, 'osp'
 'yac', 'ach', 'cht', 'htc', 'tcl', 'clu', 'lub'],['KARACHIYACHTCLUB.COM', 'karachiyachtclub.com'],2004-12-17 12:46:23,,,,,,,,,,,,,,,,,,,,,,,,,,,,,1,csv_phishing,,, 'tcl'
 'ayc', 'yco', 'com', 'omp', 'mpu', 'put', 'ute', 'ter', 'ers'],BARCLAYCOMPUTERS.COM,2011-01-18 19:35:53,,,,,,,,,,,,,,,,,,,,,,,,,,,,1,csv_phishing,,, 'mpu'
 'etn', 'tna', 'nam', 'amh', 'mho', 'hon', 'one', 'ney', 'eym', 'ymo', 'moo', 'oon', 'ont', 'nto', 'tou', 'our'],,,,,,,,,,,,,,,,,,,,,,,1,csv_phishing,,, 'mho'
-1.0,0,-1.0,27,0,,['dis', 'ist', 'str', 'tri', 'rib', 'ibu', 'bui', 'uid', 'ido', 'dor', 'ora', 'rad', 'ade', 'dem', 'ema', 'man', 'and', 'ndi', 'dio', 'ioc', 'oca'],,,,,,,,,,,,1,csv_phishing,,,0
 'let', 'eti', 'tie', 'ier'],KRISTINPELLETIER.COM,2008-06-22 23:36:10,,,,,,,,,,,,,,,,,,,,,,,,,,,,,,,,,1,csv_phishing,,,kristinpelletier.com
,Hostinger, UAB,0,-1.0,0,-1.0,29,0,['abuse@hostinger.com', 'divisijpk@gmail.com'],['kli', 'lin', 'ini', 'nik', 'ikj', 'kje', 'jej', 'eja', 'jar', 'ari', 'rin', 'ing', 'ngp', 'gpa', 'pad', 'adj', 'dja', 'jad', 'adj', 'dja', 'jar', 'ara', 'ran'],KLINIKJEJARINGPADJADJARAN.COM,2016-07-20 07:44:24,,,1,csv_phishing,,,-1.0
 'xhi', 'hib', 'ibi', 'bit', 'iti', 'tio', 'ion', 'ons'],hendryexhibitions.co.uk,1999-07-15 00:00:00,,,,,,,,,,,,,,,,,,,,,,,,,,,,,1,csv_phishing,,, 'iti'
 'mpl', 'plo', 'lon', 'ona', 'nar', 'are', 'ref', 'efo', 'for', 'orm', 'rma', 'mas'],['RHPAMPLONAREFORMAS.COM', 'rhpamplonareformas.com'],2019-02-15 13:36:24,,,,,,,,,,,,,,,,,,,,,,,,1,csv_phishing,,, 'nar'
 'eri', 'rin', 'inc'],PHPDEVELOPERINC.COM,2016-07-12 09:04:57,,,,,,,,,,,,,,,,,,,,,,,,,,,,,,,,,,1,csv_phishing,,,2016-07-12 09:04:57
 'chi', 'hin', 'ing'],['PULSE-COACHING.COM', 'pulse-coaching.com'],2014-09-08 23:14:11,,,,,,,,,,,,,,,,,,,,,,,,,,,,,,,,,1,csv_phishing,,, 'pulse-coaching.com']
 'mun', 'uni', 'nit', 'ity'],abitoincommunity.it,2018-11-05 16:25:48,,,,,,,,,,,,,,,,,,,,,,,,,,,,,,,,,1,csv_phishing,,,abitoincommunity.it
 'nic', 'ica'],['TRANSCOMMUNICA.NET', 'transcommunica.net'],2017-03-08 10:01:59,,,,,,,,,,,,,,,,,,,,,,,,,,,,,,,,,,1,csv_phishing,,,2017-03-08 10:01:59
 'eti', 'tin', 'ing', 'ngp', 'gpl', 'pla', 'lat', 'atf', 'tfo', 'for', 'orm'],marketingplatform.ca,2008-09-17 00:47:14,,,,,,,,,,,,,,,,,,,,,,,,,,1,csv_phishing,,, 'gpl'
 'hos', 'ost', 'sta', 'tap', 'app'],000WEBHOSTAPP.COM,2016-05-11 13:34:12,,,,,,,,,,,,,,,,,,,,,,,,,,,,,,,,1,csv_phishing,,, 'app']
 'uni', 'nit', 'ity'],abitoincommunity.it,2018-11-05 16:25:48,,,,,,,,,,,,,,,,,,,,,,,,,,,,,,,,,,1,csv_phishing,,,2018-11-05 16:25:48
 'tal', 'ale', 'les'],IMAGENESMENTALES.COM,2014-07-21 05:22:02,,,,,,,,,,,,,,,,,,,,,,,,,,,,,,,,,,1,csv_phishing,,,2014-07-21 05:22:02
 'duc', 'uct', 'cti', 'tio', 'ion', 'ons'],DVDMEPRODUCTIONS.COM,2020-03-09 18:12:52,,,,,,,,,,,,,,,,,,,,,,,,,,,,,,,1,csv_phishing,,, 'ion'
 'win', 'ing'],['ITSOVERFLOWING.COM', 'itsoverflowing.com'],2011-10-25 23:48:23,,,,,,,,,,,,,,,,,,,,,,,,,,,,,,,,,,1,csv_phishing,,,2011-10-25 23:48:23
 'est', 'ste', 'tec', 'ech', 'chs', 'hse', 'ser', 'erv', 'rvi', 'vic', 'ice', 'ces'],['MARLESTECHSERVICES.COM', 'marlestechservices.com'],2016-06-02 05:10:55,,,,,,,,,,,,,,,,,,,,,,,,1,csv_phishing,,, 'chs'
 'rto', 'top', 'opa', 'pas', 'ass', 'ssi'],DANIELCORTOPASSI.COM,2009-10-30 17:00:28,,,,,,,,,,,,,,,,,,,,,,,,,,,,,,,1,csv_phishing,,, 'ass'
 'gol', 'old', 'ldb', 'dbu', 'buy', 'uye', 'yer', 'ers', 'rsn', 'sny', 'nyc'],CASHGOLDBUYERSNYC.COM,2014-02-06 17:15:50,,,,,,,,,,,,,,,,,,,,,,,,,,1,csv_phishing,,, 'buy'
 'hgo', 'gol', 'old', 'ldb', 'dbu', 'buy', 'uye', 'yer', 'ers', 'rsn', 'sny', 'nyc'],CASHGOLDBUYERSNYC.COM,2014-02-06 17:15:50,,,,,,,,,,,,,,,,,,,,,,,,,1,csv_phishing,,, 'dbu'
['ank', 'nka', 'kar', 'ara', 'ram', 'amu', 'mut', 'utf', 'tfa', 'fak', 'akm', 'kmo', 'mob', 'obi', 'bil', 'ily', 'lya'],ANKARAMUTFAKMOBILYA.COM,2019-10-12 04:35:35,,,,,,,,,,,,,,,,,,,,1,csv_phishing,,, 'ram'
abuse@name.com,['ank', 'nka', 'kar', 'ara', 'ram', 'amu', 'mut', 'utf', 'tfa', 'fak', 'akm', 'kmo', 'mob', 'obi', 'bil', 'ily', 'lya'],ANKARAMUTFAKMOBILYA.COM,2019-10-12 04:35:35,,,,,,,,,,,,,,,,,,,1,csv_phishing,,, 'ara'
 'the', 'hem', 'eme', 'mes'],ACCESSSHOPTHEMES.COM,2015-01-08 05:24:55,,,,,,,,,,,,,,,,,,,,,,,,,,,,,,,,,1,csv_phishing,,,accessshopthemes.com
 'ust', 'str', 'tro', 'rop', 'opr', 'prz', 'rze', 'zem', 'emy', 'mys', 'ysl'],fotolustroprzemysl.pl,2018-01-24 14:16:29,,,,,,,,,,,,,,,,,,,,,,,,,,1,csv_phishing,,, 'opr'
 'icu', 'cul', 'ula', 'lar', 'ar-', 'r-e', '-es', 'est', 'sta', 'tad', 'ado'],PARTICULAR-ESTADO.COM,2019-06-19 21:48:56,,,,,,,,,,,,,,,,,,,,,,,,,,1,csv_phishing,,, 'ar-'
25,0,['abuse@diymysite.com', 'demi@diymysite.com'],['ama', 'maz', 'azo', 'zon', 'onn', 'nnc', 'nco', 'coo', 'oon', 'onn', 'nnz', 'nzj', 'zjp', 'jpn', 'pna', 'naz', 'azn', 'zna', 'naa', 'aaz', 'azj', 'zjp'],['AMAZONNCOONNZJPNAZNAAZJP.COM', 'amazonncoonnzjpnaznaazjp.com'],2019-06-19 09:51:58,,,,,,,,,,1,csv_phishing,,,['ama'
 'atr', 'tre', 'ren', 'end', 'ndl', 'dla', 'laz', 'aze', 'zer'],GRUPONATRENDLAZER.COM,2019-06-19 17:19:13,,,,,,,,,,,,,,,,,,,,,,,,,,,,1,csv_phishing,,, 'ndl'
0,-1.0,22,0,abuse@godaddy.com,['foo', 'ood', 'odb', 'dbe', 'bev', 'eve', 'ver', 'era', 'rag', 'age', 'ge-', 'e-s', '-su', 'sup', 'upp', 'ppl', 'pli', 'lie', 'ier'],FOODBEVERAGE-SUPPLIER.COM,2013-04-18 07:51:47,,,,,,,,,,,,,1,csv_phishing,,,abuse@godaddy.com
 'lea', 'eat', 'ath', 'the', 'her', 'erg', 'rga', 'gar', 'arm', 'rme', 'men', 'ent', 'nts'],,,,,,,,,,,,,,,,,,,,,,,,,,1,csv_phishing,,, 'her'
 'uti', 'tio', 'ion', 'ons'],WINGTIPSOLUTIONS.COM,2017-03-09 08:59:44,,,,,,,,,,,,,,,,,,,,,,,,,,,,,,,,,1,csv_phishing,,,wingtipsolutions.com
 'wor', 'ork'],['REALTYFRAMEWORK.COM', 'realtyframework.com'],2016-10-16 19:31:04,,,,,,,,,,,,,,,,,,,,,,,,,,,,,,,,,,1,csv_phishing,,,2016-10-16 19:31:04
26,0,,['cov', 'ove', 'ven', 'ena', 'nan', 'ant', 'ntb', 'tbi', 'bib', 'ibl', 'ble', 'lei', 'ein', 'ins', 'nst', 'sti', 'tit', 'itu', 'tut', 'ute'],,,,,,,,,,,,,,,,1,csv_phishing,,, 'ove'
 'tri', 'rit', 'ito', 'tos', 'ose', 'seg'],['ACESSORESTRITOSEG.COM', 'acessorestritoseg.com'],2019-06-19 18:18:50,,,,,,,,,,,,,,,,,,,,,,,,,,,,,,1,csv_phishing,,, 'ose'
23,0,abuse@godaddy.com,['cli', 'lie', 'ien', 'ent', 'nte', 'ted', 'ede', 'des', 'esc', 'sco', 'cor', 'ore', 'rec', 'eca', 'cad', 'ada', 'das', 'ast', 'str', 'tro'],['CLIENTEDESCORECADASTRO.COM', 'clientedescorecadastro.com'],2019-06-17 17:32:32,,,,,,,,,,,,,1,csv_phishing,,, 'lie'
 'zac', 'aca', 'cao', 'aoc', 'ocl', 'cli', 'lie', 'ien', 'ent', 'nte'],['ATUALIZACAOCLIENTE.COM', 'atualizacaocliente.com'],2019-06-17 06:00:47,,,,,,,,,,,,,,,,,,,,,,,,,,1,csv_phishing,,, 'ocl'
 'air', 'irs', 'rsa', 'sal'],['RECOVERYHAIRSAL.INFO', 'recoveryhairsal.info'],2019-06-19 07:46:50,,,,,,,,,,,,,,,,,,,,,,,,,,,,,,,,1,csv_phishing,,,['recoveryhairsal.info'
 'yha', 'has', 'asa', 'sav', 'avo', 'voi', 'oic', 'ice'],['DIGNITYHASAVOICE.COM', 'dignityhasavoice.com'],2016-06-08 19:05:43,,,,,,,,,,,,,,,,,,,,,,,,,,,,1,csv_phishing,,, 'avo'
 'cel', 'ell'],['VENTALIBERACELL.COM', 'ventaliberacell.com'],2016-05-09 21:02:13,,,,,,,,,,,,,,,,,,,,,,,,,,,,,,,,,,1,csv_phishing,,,2016-05-09 21:02:13
 'ben', 'ene', 'nef', 'efi', 'fit', 'its'],['survivorbenefits.top', 'SURVIVORBENEFITS.TOP'],2019-06-13 14:55:31,,,,,,,,,,,,,,,,,,,,,,,,,,,,,,1,csv_phishing,,, 'fit'
['vir', 'irt', 'rtu', 'tua', 'ual', 'als', 'lsm', 'sme', 'med', 'edi', 'dia', 'iah', 'aho', 'hou', 'ous', 'use', 'ses'],VIRTUALSMEDIAHOUSES.COM,2019-06-11 09:23:50,,,,,,,,,,,,,,,,,,,,1,csv_phishing,,, 'ual'
 'me-', 'e-s', '-sh', 'sho', 'hop'],['ALFAROME-SHOP.COM', 'alfarome-shop.com'],2019-06-24 22:59:39,,,,,,,,,,,,,,,,,,,,,,,,,,,,,,,1,csv_phishing,,, 'hop']
 'ami', 'min', 'ing', 'ngc', 'gch', 'chi', 'hic', 'ick', 'cke', 'ken'],THEFLAMINGCHICKEN.COM,2008-12-04 03:23:58,,,,,,,,,,,,,,,,,,,,,,,,,,,1,csv_phishing,,, 'gch'
 'erd', 'rdi', 'dig', 'igi', 'git', 'ita', 'tal'],,,,,,,,,,,,,,,,,,,,,,,,,,,,,,,,1,csv_phishing,,, 'git'
0,abuse@godaddy.com,['mon', 'ont', 'ntr', 'tri', 'ril', 'ill', 'lld', 'lda', 'dat', 'ata', 'tas', 'ase', 'ser', 'erv', 'rvi', 'vic', 'ice', 'ces'],['MONTRILLDATASERVICES.COM', 'montrilldataservices.com'],2019-03-20 15:05:42,,,,,,,,,,,,,,,,1,csv_phishing,,, 'ntr'
 'rqu', 'que', 'ued', 'ede', 'del', 'els', 'lso', 'sol'],,,,,,,,,,,,,,,,,,,,,,,,,,,,,,,1,csv_phishing,,, 'del'
 'mer', 'eri', 'ric', 'ica', 'cas', 'asv', 'sve', 'ven', 'end', 'nda', 'das', 'aso', 'sol', 'oli', 'lin', 'ine'],,,,,,,,,,,,,,,,,,,,,,,1,csv_phishing,,, 'cas'
 'rne', 'nes', 'ess'],['FLYING4AWARNESS.ORG', 'flying4awarness.org'],2010-01-02 14:46:45,,,,,,,,,,,,,,,,,,,,,,,,,,,,,,,,,1,csv_phishing,,, 'flying4awarness.org']
 'shs', 'hsu', 'sur', 'ury', 'rya', 'yac', 'acl', 'cla', 'las', 'ass', 'ssi', 'sic'],['NARESHSURYACLASSIC.COM', 'nareshsuryaclassic.com'],2018-07-28 04:40:58,,,,,,,,,,,,,,,,,,,,,,,,1,csv_phishing,,, 'rya'
 'hsu', 'sur', 'ury', 'rya', 'yac', 'acl', 'cla', 'las', 'ass', 'ssi', 'sic'],['NARESHSURYACLASSIC.COM', 'nareshsuryaclassic.com'],2018-07-28 04:40:58,,,,,,,,,,,,,,,,,,,,,,,,,1,csv_phishing,,, 'yac'
 'ebh', 'bho', 'hos', 'ost', 'sta', 'tap', 'app'],000WEBHOSTAPP.COM,2016-05-11 13:34:12,,,,,,,,,,,,,,,,,,,,,,,,,,,,,,1,csv_phishing,,, 'sta'
 'rba', 'ban', 'ano', 'not', 'ota', 'tay', 'ayl', 'ylo', 'lor'],['CESARURBANOTAYLOR.COM', 'cesarurbanotaylor.com'],2016-08-11 20:58:04,,,,,,,,,,,,,,,,,,,,,,,,,,,1,csv_phishing,,, 'ota'
 'pgr', 'gra', 'rad', 'ade', 'dey', 'eyo', 'you', 'our', 'ure', 'rel', 'ele', 'lec', 'ect', 'ctr', 'tri', 'ric'],UPGRADEYOURELECTRIC.COM,2010-11-15 20:32:43,,,,,,,,,,,,,,,,,,,,,1,csv_phishing,,, 'dey'
 'est', 'sti', 'til', 'ilo', 'lo1', 'o19'],['ADESAOBBESTILO19.INFO', 'adesaobbestilo19.info'],2019-06-17 01:58:32,,,,,,,,,,,,,,,,,,,,,,,,,,,,,,1,csv_phishing,,, 'lo1'
['the', 'heo', 'eoi', 'oil', 'ila', 'lad', 'add', 'ddi', 'dic', 'ict', 'cti', 'tio', 'ion', 'onc', 'ncu', 'cur', 'ure'],['THEOILADDICTIONCURE.COM', 'theoiladdictioncure.com'],2017-04-07 16:41:27,,,,,,,,,,,,,,,,,,,1,csv_phishing,,, 'ila'
 'abuse@ovh.net'],['ser', 'erv', 'rvi', 'vic', 'ice', 'cef', 'efr', 'fra', 'ran', 'anc', 'nce', 'ces', 'esm', 'smb', 'mbi', 'bin', 'inc'],servicefrancesmbinc.fr,2019-03-09 23:02:41,,,,,,,,,,,,,,,,,,,1,csv_phishing,,, 'vic'
 'ine', 'ned', 'ede', 'det', 'eto', 'tod', 'odo', 'dos', 'ost', 'ste', 'tem', 'emp', 'mpo', 'pos'],,,,,,,,,,,,,,,,,,,,,,,,,1,csv_phishing,,, 'eto'
 'lli', 'lis', 'isi', 'sio', 'ion'],AXLEYCOLLISION.COM,2015-03-27 13:01:23,,,,,,,,,,,,,,,,,,,,,,,,,,,,,,,,1,csv_phishing,,, 'ion']
 'est', 'sti', 'tin', 'ina', 'nat', 'ati', 'tio', 'ion', 'ons'],LIDERADESTINATIONS.COM,2014-04-25 07:55:19,,,,,,,,,,,,,,,,,,,,,,,,,,,,1,csv_phishing,,, 'nat'
 'ate', 'ter', 'eri', 'rie', 'iel', 'el-', 'l-c', '-ch', 'cha', 'hau', 'auf', 'uff', 'ffa', 'fag', 'age'],materiel-chauffage.fr,2018-09-11 17:32:10,,,,,,,,,,,,,,,,,,,,,,1,csv_phishing,,, 'iel'
 'pme', 'men', 'ent'],TRU-DEVELOPMENT.COM,2015-02-03 04:46:46,,,,,,,,,,,,,,,,,,,,,,,,,,,,,,,,,,1,csv_phishing,,,2015-02-03 04:46:46
 'r18', '188', '880'],['AEROMEISTER1880.COM', 'aeromeister1880.com'],2012-05-19 07:24:23,,,,,,,,,,,,,,,,,,,,,,,,,,,,,,,,,1,csv_phishing,,, 'aeromeister1880.com']
 'ano', 'not', 'ota', 'tay', 'ayl', 'ylo', 'lor'],,,,,,,,,,,,,,,,,,,,,,,,,,,,,,,,1,csv_phishing,,, 'ayl'
 'ema', 'mat', 'att', 'tto', 'tos', 'os-', 's-a', '-ad', 'adv'],['GOMESDEMATTOS-ADV.PRO', 'gomesdemattos-adv.pro'],2019-06-14 12:39:11,,,,,,,,,,,,,,,,,,,,,,,,,,,1,csv_phishing,,, 'tos'
 'pha', 'hae', 'ael', 'elm', 'lmi', 'mir', 'ira', 'ran', 'and', 'nda', 'da-', 'a-a', '-ad', 'adv'],['RAPHAELMIRANDA-ADV.PRO', 'raphaelmiranda-adv.pro'],2019-06-14 12:39:25,,,,,,,,,,,,,,,,,,,,,,1,csv_phishing,,, 'lmi'
 'ice', 'ces'],['JITUCABSERVICES.COM', 'jitucabservices.com'],2019-06-06 14:38:53,,,,,,,,,,,,,,,,,,,,,,,,,,,,,,,,,,1,csv_phishing,,,2019-06-06 14:38:53
 'tech@ovh.net', 'abuse@ovh.net'],['luc', 'uci', 'cid', 'ido', 'doi', 'oin', 'inf', 'nfo', 'for', 'orm', 'rma', 'mat', 'ati', 'tiq', 'iqu', 'que'],lucidoinformatique.fr,2013-02-22 13:57:39,,,,,,,,,,,,,,,,,,,1,csv_phishing,,, 'cid'
 '-we', 'web', 'ebs', 'bsp', 'spa', 'pac', 'ace'],['ZAP-WEBSPACE.COM', 'zap-webspace.com'],2017-02-16 09:30:48,,,,,,,,,,,,,,,,,,,,,,,,,,,,,1,csv_phishing,,, 'spa'
['riv', 'ive', 'ver', 'erc', 'rci', 'cit', 'ity', 'tye', 'yes', 'esc', 'sca', 'cap', 'ape', 'per', 'ero', 'roo', 'oom', 'oms'],['RIVERCITYESCAPEROOMS.COM', 'rivercityescaperooms.com'],2016-02-26 01:48:10,,,,,,,,,,,,,,,,,,1,csv_phishing,,, 'rci'
 'atu', 'tur', 'uri', 'ris', 'ism', 'smo', 'moc', 'oco', 'cor', 'oro', 'ron', 'ona'],pescaturismocorona.it,2018-01-31 10:25:54,,,,,,,,,,,,,,,,,,,,,,,,,1,csv_phishing,,, 'ism'
 'tur', 'uri', 'ris', 'ism', 'smo', 'moc', 'oco', 'cor', 'oro', 'ron', 'ona'],pescaturismocorona.it,2018-01-31 10:25:54,,,,,,,,,,,,,,,,,,,,,,,,,,1,csv_phishing,,, 'smo'
-1.0,23,0,abuse@registrar.eu,['liv', 'ive', 'vek', 'eko', 'kon', 'ont', 'nto', 'tov', 'ove', 'ver', 'eri', 'rif', 'ifi', 'fiz', 'izi', 'zie', 'ier', 'eru', 'run', 'ung'],livekontoverifizierung.top,2019-06-18 00:36:10,,,,,,,,,,,,,1,csv_phishing,,,['liv'
['pon', 'ont', 'nto', 'toa', 'oap', 'apo', 'pon', 'ont', 'nto', 'toc', 'oco', 'con', 'ond', 'ndo', 'dom', 'omi', 'min', 'ini', 'nio', 'ios'],,,,,,,,,,,,,,,,,,,1,csv_phishing,,, 'oap'
 'g', 'l', 'e'],0,1.8348756474779464,8.0, 'gle'], 'ogl',['abusecomplaints@markmonitor.com', 'l': 1}),['goo', 'oo',defaultdict(<class 'int'>, 'le'],0,['go',[('google.com',com, ('google.com.br', {'e': 1, 'o': 2, 11:53:49.631067,google,0,MarkMonitor, 'og',8256 days, Inc.,0,-1.0, 95)],0.0, 100), 'oog', 'g': 2, 'gl', 'whoisrequest@markmonitor.com'],0,0,csv_benign,,,1.8348756474779464
 'l', 'e'],0,2.1142465351822795,8256 days,, {'e': 1,defaultdict(<class 'int'>,0.0,['go', 'ogl', 'og', 'o': 2,MarkMonitor Inc., 100), 'oo', ('google.com.br',0,0, 'w': 3, 'l': 1,com,-1.0, 'oog',google, 'gl', 11:53:51.264191,4.0,abusecomplaints@markmonitor.com,,['goo',[('google.com', 95)], 'gle'], 'g': 2}), 'le'],0,0,0,csv_benign,,,8256 days
 'l', 'e'],0,1.8208020839342969,12117 days,,defaultdict(<class 'int'>, 'ple'], 'domains@apple.com',['ap',['app', 'pl', {'e': 1, INC.,0, 'pp',[('apple.com',0, ('qq.com', 'a': 1, 'p': 2,com,-1.0,0,apple, 'le'], 10:54:14.333863,8.0,['domainabuse@cscglobal.com',, 86)],0.0, 100), 'ppl', 'l': 1}),CSC CORPORATE DOMAINS, 'apple-noc@apple.com'],0,0,csv_benign,,,12117 days
 'e'],0,2.15413541726763,12211 days, 10:54:24.344705,, 'o': 1, 'a': 1,0, 'ob',defaultdict(<class 'int'>,Nom-iq Ltd. dba COM LAUDE, 'd': 1,-1.0, ('qq.com', 'be'], 86)],0,['ado', 'b': 1}),['ad',0,, 'obe'],,adobe,com,,0.0,, 'dob', 100),0, {'e': 1, 'do',10.0,[('adobe.com',abuse@comlaude.com,0,csv_benign,,, 10:54:24.344705
 'e'],0,2.289390278819448,12211 days, 10:54:26.921048,, 'd': 1, 'o': 1,0, 'do',defaultdict(<class 'int'>, 'be'], 'a': 1,10.0, ('qq.com', 'ob', 86)],0,['ado', 'w': 3, 'b': 1}),0,, 'obe'],-1.0,Nom-iq Ltd. dba COM LAUDE,com,,0.0,, 'dob', 100),0, {'e': 1,['ad',adobe,[('adobe.com',abuse@comlaude.com,0,csv_benign,,, 10:54:26.921048
 'e'],0,2.289390278819448,12211 days, 10:54:29.293116,, 'd': 1, 'o': 1,0, 'do',defaultdict(<class 'int'>, 'be'], 'a': 1,10.0, ('qq.com', 'ob', 86)],0,['ado', 'w': 3, 'b': 1}),0,, 'obe'],-1.0,Nom-iq Ltd. dba COM LAUDE,com,,0.0,, 'dob', 100),0, {'e': 1,['ad',adobe,[('adobe.com',abuse@comlaude.com,0,csv_benign,,, 10:54:29.293116
 'u'],0,1.8208020839342969,0,be,, 'o': 1}), 't': 1,[('youtu.be',, {'y': 1,0.0,['yo',, 74)],youtu,0,, 'out', 'ou', 'ut',0,,defaultdict(<class 'int'>,,-1.0,0,,0,, 'utu'], ('youtube.com',['you', 'u': 2, 'tu'],, 100),0.0,0,csv_benign,,,be
 'o'],0,2.15413541726763,,com,, 'o': 1, 'i': 1,[('vimeo.com', 'eo'], {'m': 1,vimeo, 'v': 1}),, 86)],,0,, 'ime',['vi', 'im',0,,defaultdict(<class 'int'>,,,0,,0,, 'meo'], ('qq.com',['vim', 'e': 1, 'me',, 100),0.0,0,csv_benign,,,com
 'l', 'y'],0,2.15413541726763,6007 days,, 'y': 1, {'t': 1,0.0, 'it', 'tly'], 'ly'], 'i': 1,bitly, 86), 'tl', ('vk.com',0,0, 'l': 1, 'b': 1}),com,, 'itl',8.0,GoDaddy.com, 13:26:36.787995,-1.0,abuse@godaddy.com,,['bit',[('qq.com', 86)],defaultdict(<class 'int'>,['bi', LLC,0,0,0,csv_benign,,,6007 days
 'o', 'n'],0,2.1205899331922318,9305 days,, {'m': 1,defaultdict(<class 'int'>,0.0,['am', 'azo', 'az', 'z': 1,MarkMonitor Inc., 100), 'ma', ('amazonaws.com',0,0, 'a': 2, 'o': 1,com,-1.0, 'maz',amazon, 'zo', 10:55:04.092189,6.0,abusecomplaints@markmonitor.com,,['ama',[('amazon.com', 87)], 'zon'], 'n': 1}), 'on'],0,0,0,csv_benign,,,9305 days
 'o'],0,1.8208020839342969,9227 days, 10:55:06.156939,, 'a': 1, 'h': 1,0, 'oo'],defaultdict(<class 'int'>,yahoo, 'o': 2}),, ('qq.com',MarkMonitor Inc., 86)],0,['yah',['ya', 'ah',0,, 'hoo'],,5.0,com,,0.0,, 'aho', 100),0, {'y': 1, 'ho',-1.0,[('yahoo.com',abusecomplaints@markmonitor.com,0,csv_benign,,, 10:55:06.156939
 'o'],0,2.0671680565972257,9227 days, 10:55:08.521564,, 'a': 1, 'h': 1,0, 'ho',defaultdict(<class 'int'>,MarkMonitor Inc., 'o': 2,-1.0, ('qq.com', 'oo'], 86)],0,['yah', 'w': 3}),['ya',0,, 'hoo'],,yahoo,com,,0.0,, 'aho', 100),0, {'y': 1, 'ah',5.0,[('yahoo.com',abusecomplaints@markmonitor.com,0,csv_benign,,, 10:55:08.521564
 'o'],0,3.1195489589943928,5608 days, 7:16:17.569063,4.0, 'i': 1, 'm': 1,0, 'y': 1,defaultdict(<class 'int'>, 'p': 1}), 'o': 1, 'me', ('qq.com', 'a': 1, 86)],0,['vim', 'r': 1, 'l': 1,0,vimeo, 'meo'], 'eo'],['vi',com,MarkMonitor Inc.,0.0,-1.0, 'ime', 100),0, {'e': 2, 'v': 1, 'im',[('vimeo.com',abusecomplaints@markmonitor.com,0,csv_benign,,, 7:16:17.569063
 'o'],0,2.15413541726763,5608 days, 7:16:18.382681,, 'i': 1, 'e': 1,0, 'me',defaultdict(<class 'int'>,MarkMonitor Inc., 'o': 1,-1.0, ('qq.com', 'eo'], 86)],0,['vim', 'v': 1}),['vi',0,, 'meo'],,vimeo,com,,0.0,, 'ime', 100),0, {'m': 1, 'im',4.0,[('vimeo.com',abusecomplaints@markmonitor.com,0,csv_benign,,, 7:16:18.382681
 'u', 'b'],0,2.4063042189065182,4579 days,-1.0, {'t': 1,defaultdict(<class 'int'>,0.0, 'b': 1}), 'thu', 'it', 'h': 1, 'ub'], 100),['gi', ('qq.com',0,0, 'i': 1, 'u': 1,com,8.0, 'ith',MarkMonitor Inc., 'th', 21:34:26.339709,github,abusecomplaints@markmonitor.com,,['git',[('github.com', 86)], 'hub'], 'g': 1, 'hu',0,0,0,csv_benign,,,4579 days
 'k', 'r'],0,2.5142465351822794,5997 days,4.0, {'i': 1,defaultdict(<class 'int'>,0.0, 'c': 1, 'ick',['fl', 'k': 1, 'ck', 100), 'r': 1}), ('qq.com',0,0, 'f': 1, 'l': 1,com,flickr, 'lic', 'kr'], 'li', 8:05:40.128292,MarkMonitor Inc.,abusecomplaints@markmonitor.com,-1.0,['fli',[('flickr.com', 86)], 'ckr'], 'w': 3, 'ic',0,0,0,csv_benign,,,5997 days
0,1.0566416671474377,9423 days, 11:55:43.169450,org,,['w3'], '3': 1}), '71e29cd1b5840bbc0f33fa9e046ced59-135431@contact.gandi.net'],,defaultdict(<class 'int'>,,GANDI SAS,,[('w3.org',, 100),['abuse@support.gandi.net', 86)],w3,3.0,0,,[],,,0,, 'b2664aef485b5d5ebf05614ba2b72a8e-1062668@contact.gandi.net',,0,0, ('wordpress.org', {'w': 1,-1.0,,12.5, '7f539cd059e166c69c613639d55f3c24-135433@contact.gandi.net',0,csv_benign,,,org
 'c', 'h', 'e'],0,2.1205899331922318,10.0, 'che'], 'ach',['abuse@namecheap.com', 'p': 1,['apa',['ap',defaultdict(<class 'int'>, 'ch',0, 'c': 1}),[('apache.org',org, ('w3.org', {'h': 1, 'e': 1, 11:55:46.910955,apache,0, 'he'], 'pa',9144 days,NAMECHEAP INC,0,-1.0, 86)],0.0, 100), 'pac', 'a': 2, 'ac', 'dns@apache.org'],0,0,csv_benign,,,2.1205899331922318
 'e'],0,2.5954888901709436,12211 days, 10:55:53.468772,, 'o': 1, 't': 1,0,['ad',defaultdict(<class 'int'>, 'ob', 'd': 1,adobe, ('qq.com', 'do', 86)],0,['ado', 'a': 1, 'g': 1,0,, 'obe'],10.0, 'be'],com,-1.0,0.0,, 'dob', 100),0, {'e': 2, 'b': 1}),Nom-iq Ltd. dba COM LAUDE,[('adobe.com',abuse@comlaude.com,0,csv_benign,,, 10:55:53.468772
 'e'],0,2.5954888901709436,12211 days, 10:55:56.326223,, 'o': 1, 't': 1,0,['ad',defaultdict(<class 'int'>, 'ob', 'd': 1,adobe, ('qq.com', 'do', 86)],0,['ado', 'a': 1, 'g': 1,0,, 'obe'],10.0, 'be'],com,-1.0,0.0,, 'dob', 100),0, {'e': 2, 'b': 1}),Nom-iq Ltd. dba COM LAUDE,[('adobe.com',abuse@comlaude.com,0,csv_benign,,, 10:55:56.326223
 'e'],0,2.289390278819448,12211 days, 10:55:59.539536,, 'd': 1, 'o': 1,0, 'do',defaultdict(<class 'int'>, 'be'], 'a': 1,10.0, ('qq.com', 'ob', 86)],0,['ado', 'w': 3, 'b': 1}),0,, 'obe'],-1.0,Nom-iq Ltd. dba COM LAUDE,com,,0.0,, 'dob', 100),0, {'e': 1,['ad',adobe,[('adobe.com',abuse@comlaude.com,0,csv_benign,,, 10:55:59.539536
 'e'],0,2.289390278819448,12211 days, 10:56:02.216366,, 'd': 1, 'o': 1,0, 'do',defaultdict(<class 'int'>, 'be'], 'a': 1,10.0, ('qq.com', 'ob', 86)],0,['ado', 'w': 3, 'b': 1}),0,, 'obe'],-1.0,Nom-iq Ltd. dba COM LAUDE,com,,0.0,, 'dob', 100),0, {'e': 1,['ad',adobe,[('adobe.com',abuse@comlaude.com,0,csv_benign,,, 10:56:02.216366
 'e'],0,2.289390278819448,12211 days, 10:56:05.508165,, 'd': 1, 'o': 1,0, 'do',defaultdict(<class 'int'>, 'be'], 'a': 1,10.0, ('qq.com', 'ob', 86)],0,['ado', 'w': 3, 'b': 1}),0,, 'obe'],-1.0,Nom-iq Ltd. dba COM LAUDE,com,,0.0,, 'dob', 100),0, {'e': 1,['ad',adobe,[('adobe.com',abuse@comlaude.com,0,csv_benign,,, 10:56:05.508165
 'e'],0,2.289390278819448,12211 days, 10:56:08.087584,, 'd': 1, 'o': 1,0, 'do',defaultdict(<class 'int'>, 'be'], 'a': 1,10.0, ('qq.com', 'ob', 86)],0,['ado', 'w': 3, 'b': 1}),0,, 'obe'],-1.0,Nom-iq Ltd. dba COM LAUDE,com,,0.0,, 'dob', 100),0, {'e': 1,['ad',adobe,[('adobe.com',abuse@comlaude.com,0,csv_benign,,, 10:56:08.087584
 'i', 't'],0,2.314246535182279,5472 days,-1.0, {'e': 1,defaultdict(<class 'int'>,0.0, 'r': 1}), 'ddi', 'ed', 't': 1, 'it'], 100),['re', ('t.co',0,0, 'i': 1, 'd': 2,com,4.0, 'edd',MarkMonitor Inc., 'dd', 21:57:01.788377,reddit,abusecomplaints@markmonitor.com,,['red',[('reddit.com', 90)], 'dit'], 'w': 3, 'di',0,0,0,csv_benign,,,5472 days
 'n'],0,1.0,9710 days, 11:56:34.976361,,['cn', 'c': 1}), 'hostmaster@turner.com'],8.0,defaultdict(<class 'int'>,, 'nn'],,[('cnn.com',-1.0, 100),0, 86)],CSC CORPORATE DOMAINS, INC.,0,,['cnn'],,,com,, 'tmgroup@turner.com',,0,0, ('facebook.com', {'n': 2,cnn,,0.0,['domainabuse@cscglobal.com',0,csv_benign,,, 11:56:34.976361
 'n'],0,1.0,9710 days, 11:56:35.660660,,['cn', 'c': 1}), 'hostmaster@turner.com'],8.0,defaultdict(<class 'int'>,, 'nn'],,[('cnn.com',-1.0, 100),0, 86)],CSC CORPORATE DOMAINS, INC.,0,,['cnn'],,,com,, 'tmgroup@turner.com',,0,0, ('facebook.com', {'n': 2,cnn,,0.0,['domainabuse@cscglobal.com',0,csv_benign,,, 11:56:35.660660
 'n'],0,1.4413202900260225,9710 days, 11:56:36.340159,, 'n': 2}), 'c': 1, 'hostmaster@turner.com'],cnn,defaultdict(<class 'int'>,-1.0,['cn',,[('cnn.com',8.0, 100),0, 86)], 'nn'],CSC CORPORATE DOMAINS,0,,['cnn'],,,com,, 'tmgroup@turner.com',,0,0, ('facebook.com', {'w': 3, INC.,,0.0,['domainabuse@cscglobal.com',0,csv_benign,,, 11:56:36.340159
 'n'],0,1.4413202900260225,9710 days, 11:56:37.020325,, 'n': 2}), 'c': 1, 'hostmaster@turner.com'],cnn,defaultdict(<class 'int'>,-1.0,['cn',,[('cnn.com',8.0, 100),0, 86)], 'nn'],CSC CORPORATE DOMAINS,0,,['cnn'],,,com,, 'tmgroup@turner.com',,0,0, ('facebook.com', {'w': 3, INC.,,0.0,['domainabuse@cscglobal.com',0,csv_benign,,, 11:56:37.020325
 'n'],0,1.4413202900260225,9710 days, 11:56:37.696780,, 'n': 2}), 'c': 1, 'hostmaster@turner.com'],cnn,defaultdict(<class 'int'>,-1.0,['cn',,[('cnn.com',8.0, 100),0, 86)], 'nn'],CSC CORPORATE DOMAINS,0,,['cnn'],,,com,, 'tmgroup@turner.com',,0,0, ('facebook.com', {'w': 3, INC.,,0.0,['domainabuse@cscglobal.com',0,csv_benign,,, 11:56:37.696780
 'n'],0,1.4413202900260225,9710 days, 11:56:38.377863,, 'n': 2}), 'c': 1, 'hostmaster@turner.com'],cnn,defaultdict(<class 'int'>,-1.0,['cn',,[('cnn.com',8.0, 100),0, 86)], 'nn'],CSC CORPORATE DOMAINS,0,,['cnn'],,,com,, 'tmgroup@turner.com',,0,0, ('facebook.com', {'w': 3, INC.,,0.0,['domainabuse@cscglobal.com',0,csv_benign,,, 11:56:38.377863
 'e', 's'],0,2.5142465351822794,9807 days,4.0, {'e': 1,defaultdict(<class 'int'>,0.0, 'b': 1, 'rbe',['fo', 'o': 1, 'be', 100), 'f': 1}), ('qq.com',0,0, 'r': 1, 's': 1,com,forbes, 'orb', 'es'], 'or', 11:57:07.294142,MarkMonitor Inc.,abusecomplaints@markmonitor.com,-1.0,['for',[('forbes.com', 86)], 'bes'], 'w': 3, 'rb',0,0,0,csv_benign,,,9807 days
 'l', 'y'],0,2.1205899331922318,5139 days,12.0, 'bly'], 'ebl', 'info@weebly.com', 'w': 1,['wee',['we',defaultdict(<class 'int'>, 'bl',0, 'b': 1}),[('weebly.com',0, ('qq.com', {'e': 2, 'y': 1,com,weebly,0, 'ly'], 'ee', 15:32:11.709769,Safenames Ltd,['abuse@safenames.net',-1.0, 86)],0.0, 100), 'eeb', 'l': 1, 'eb', 'hostmaster@safenames.net'],0,0,csv_benign,,,5139 days
 'u', 'u'],0,1.4874687506009634,4753 days,-1.0, 'ssu',['iss', 'owner-3101598@issuu.com.whoisprivacyservice.org', 's': 2}), 86)], 'ss', 'suu'],Amazon Registrar, 'registrar@amazon.com'],['is',0.0,0,[('issuu.com',defaultdict(<class 'int'>, {'u': 2,com,8.0, ('qq.com', Inc., 'su', 0:17:43.862304,issuu,['registrar-abuse@amazon.com',, 100), 'tech-3101598@issuu.com.whoisprivacyservice.org',0,0, 'i': 1, 'uu'], 'admin-3101598@issuu.com.whoisprivacyservice.org',0,0,csv_benign,,,4753 days
 'u', 'm'],0,2.1205899331922318,8002 days,-1.0, {'m': 2,defaultdict(<class 'int'>,0.0,['me', 'diu', 'di', 'e': 1,Amazon Registrar, 100), 'ed', ('qq.com',0,0, 'i': 1, 'd': 1,com,2.0, 'edi', Inc., 'iu', 11:57:38.636095,medium,,,['med',[('medium.com', 86)], 'ium'], 'u': 1}), 'um'],0,0,0,csv_benign,,,8002 days
 'a', 'l'],0,2.114246535182279,7588 days,, {'y': 1,defaultdict(<class 'int'>,0.0,['pa', 'ypa', 'yp', 'a': 2,MarkMonitor Inc., 100), 'ay', ('qq.com',0,0, 'p': 2, 'w': 3,com,-1.0, 'ayp',paypal, 'pa', 10:25:30.192655,4.0,abusecomplaints@markmonitor.com,,['pay',[('paypal.com', 86)], 'pal'], 'l': 1}), 'al'],0,0,0,csv_benign,,,7588 days
 'b', 'o'],0,2.15413541726763,7705 days,, 'i': 1, {'e': 1,0.0, 'ei', 'ibo'], 'bo'], 'o': 1,weibo, 100), 'ib', ('qq.com',0,0, 'w': 1, 'b': 1}),com,, 'eib',12.0,Xiamen 35.Com Technology Co., 10:57:46.597890,-1.0,domainabuse@35.cn,,['wei',[('weibo.com', 86)],defaultdict(<class 'int'>,['we', Ltd,0,0,0,csv_benign,,,7705 days
 'l', 'e'],0,2.4063042189065182,11465 days,-1.0, {'e': 1,defaultdict(<class 'int'>,0.0, 'c': 1}), 'acl', 'ra', 'o': 1, 'le'], 100),['or', ('qq.com',0,0, 'r': 1, 'l': 1,com,6.0, 'rac',MarkMonitor Inc., 'ac', 10:57:59.316205,oracle,abusecomplaints@markmonitor.com,,['ora',[('oracle.com', 86)], 'cle'], 'a': 1, 'cl',0,0,0,csv_benign,,,11465 days
 'j'],0,1.5,9464 days, 11:58:02.181934,,['ws', 'j': 1}),0.0,8.0, {'s': 1,, 'sj'],, 100),-1.0, ('facebook.com',0,0,CSC CORPORATE DOMAINS, INC.,0,,defaultdict(<class 'int'>,,,com,, 'DomainAdmin@dowjones.com'],,['wsj'],[('wsj.com', 86)], 'w': 1,wsj,,0,['domainabuse@cscglobal.com',0,csv_benign,,, 11:58:02.181934
 'j'],0,1.2634470760493752,9464 days, 11:58:02.866635,,['ws', 'j': 1}),0.0,8.0, {'s': 1,, 'sj'],, 100),-1.0, ('facebook.com',0,0,CSC CORPORATE DOMAINS, INC.,0,,defaultdict(<class 'int'>,,,com,, 'DomainAdmin@dowjones.com'],,['wsj'],[('wsj.com', 86)], 'w': 4,wsj,,0,['domainabuse@cscglobal.com',0,csv_benign,,, 11:58:02.866635
 'j'],0,1.2634470760493752,9464 days, 11:58:03.554098,,['ws', 'j': 1}),0.0,8.0, {'s': 1,, 'sj'],, 100),-1.0, ('facebook.com',0,0,CSC CORPORATE DOMAINS, INC.,0,,defaultdict(<class 'int'>,,,com,, 'DomainAdmin@dowjones.com'],,['wsj'],[('wsj.com', 86)], 'w': 4,wsj,,0,['domainabuse@cscglobal.com',0,csv_benign,,, 11:58:03.554098
 'e', 'r', 's'],0,2.125,,defaultdict(<class 'int'>, 'ers'],0.0, 'r': 2}), 'ute', 'eu', {'e': 2, 'er', 100),['re', ('qq.com',0,0, 'u': 1, 't': 1,com,reuters, 'eut', 'rs'], 'ut',,,,,['reu',[('reuters.com', 86)], 'ter', 's': 1, 'te',0,0,0,csv_benign,,,2.125
 'e'],0,1.8575424759098895,9248 days, 10:58:30.220941,, 'i': 1, {'e': 1, 'msnhst@microsoft.com'], 've'], 'ive'], INC., 'l': 1,-1.0,[('live.com',CSC CORPORATE DOMAINS, 100),0, 86)], 'v': 1}),['li',0,,['liv',,live,com,, 'domains@microsoft.com',,0,0, ('facebook.com',defaultdict(<class 'int'>, 'iv',16.0,0.0,['domainabuse@cscglobal.com',0,csv_benign,,, 10:58:30.220941
 'e'],0,2.723308333814104,9248 days, 10:58:30.941753,-1.0, 'u': 1, {'t': 1, 'msnhst@microsoft.com'], 'v': 1, 'ive'],['li', 'i': 1,CSC CORPORATE DOMAINS,[('live.com', 'k': 1}), 100),0, 86)], 'o': 3, 'e': 1,0,16.0,['liv', INC., 'iv',com,live, 'domains@microsoft.com',,0,0, ('facebook.com',defaultdict(<class 'int'>, 'l': 2, 've'],0.0,['domainabuse@cscglobal.com',0,csv_benign,,, 10:58:30.941753
 'e'],0,2.723308333814104,9248 days, 10:58:31.633164,-1.0, 'u': 1, {'t': 1, 'msnhst@microsoft.com'], 'v': 1, 'ive'],['li', 'i': 1,CSC CORPORATE DOMAINS,[('live.com', 'k': 1}), 100),0, 86)], 'o': 3, 'e': 1,0,16.0,['liv', INC., 'iv',com,live, 'domains@microsoft.com',,0,0, ('facebook.com',defaultdict(<class 'int'>, 'l': 2, 've'],0.0,['domainabuse@cscglobal.com',0,csv_benign,,, 10:58:31.633164
 'r', 'a'],0,2.15413541726763,7680 days,,defaultdict(<class 'int'>, 'era'], 'law-enforcement-only@NameWeb.biz', 'p': 1}),['ope', 'pe', {'e': 1,NameWeb BVBA,0,['op',[('opera.com',0, ('qq.com', 'a': 1, 'o': 1,com,-1.0,0,opera, 'er', 11:58:43.699934,8.0,['law-enforcement-only@nameweb.biz',, 86)],0.0, 100), 'per', 'r': 1, 'ra'], 'info@bNamed.net'],0,0,csv_benign,,,7680 days
 'q', 'l'],0,2.15413541726763,7750 days,12.0, 'sql'], 'ysq', 'domain-contact_ww_grp@oracle.com', 'l': 1,0,['my',defaultdict(<class 'int'>, 'ql'],0.0, 'q': 1}),0,0, 100), {'m': 1, 'y': 1,com,mysql, 86)],MarkMonitor, 'ys', 10:59:28.989636, Inc.,['abusecomplaints@markmonitor.com',-1.0, ('qq.com', 'whoisrequest@markmonitor.com'],[('mysql.com',['mys', 's': 1, 'sq', 'network-contact_ww_grp@oracle.com',0,0,csv_benign,,,7750 days
0,1.8575424759098895,7825 days, 15:59:51.596224,com.cn,,['si', 'n': 1}),[('sina.com.cn',4.0, 's': 1,, 'in',, 86)],-1.0,0,domainname@staff.sina.com.cn, 'ina'], 'na'],北京新网数码信息技术有限公司,0,, {'i': 1,,,0,,0,,defaultdict(<class 'int'>, ('qq.com',['sin', 'a': 1,sina,, 100),0.0,0,csv_benign,,,com.cn
 'l'],0,1.7270345757403085,7112 days, 19:29:49.790129,, 'l': 1}), 'w': 3,0.0,0.0, {'a': 1,,['ao',, 86),-1.0, ('canada.ca',0,0, 'ol'],,0,,defaultdict(<class 'int'>,,,ca,, 'ccopsbilling@markmonitor.com'],,['aol'],[('google.ca', 86)], 'o': 1,aol,,0,['domain-admin@oath.com',0,csv_benign,,, 19:29:49.790129
 'l'],0,1.7270345757403085,7112 days, 19:29:50.528745,, 'l': 1}), 'w': 3,0.0,0.0, {'a': 1,,['ao',, 86),-1.0, ('canada.ca',0,0, 'ol'],,0,,defaultdict(<class 'int'>,,,ca,, 'ccopsbilling@markmonitor.com'],,['aol'],[('google.ca', 86)], 'o': 1,aol,,0,['domain-admin@oath.com',0,csv_benign,,, 19:29:50.528745
 'i', 'a', 'n'],0,2.4063042189065182,4.0,defaultdict(<class 'int'>, 'ian'],abuse@support.gandi.net, 'b': 1, 'ebi',['de', {'e': 1, 'ia',[('debian.org', 'n': 1}), 100),org, 86)], 'i': 1, 'd': 1, 11:00:09.515065,debian,['deb', 'an'], 'eb',7715 days,Gandi SAS,0,-1.0,0,0, ('w3.org', 'bia', 'a': 1, 'bi',0.0,0,0,csv_benign,,,2.4063042189065182
 'y'],0,1.8575424759098895,9029 days, 12:00:12.296698,, 'y': 1, {'e': 1, 'whoisrequest@markmonitor.com'], 'ay'], 'bay'], Inc., 'a': 1,-1.0,[('ebay.com',MarkMonitor, 100),0, 86)], 'b': 1}),['eb',0,,['eba',,ebay,com,, 'hostmaster@ebay.com',,0,0, ('facebook.com',defaultdict(<class 'int'>, 'ba',16.0,0.0,['abusecomplaints@markmonitor.com',0,csv_benign,,, 12:00:12.296698
 't'],0,1.8575424759098895,9546 days, 11:00:26.542183,, 'n': 1, 't': 1,0.0,MarkMonitor,defaultdict(<class 'int'>,cnet, 'c': 1}),, 100), Inc., ('t.co',0,0,['cn', 'ne',0,, 'net'],,8.0,com,, 'whoisrequest@markmonitor.com'],,['cne',[('cnet.com', 90)], {'e': 1, 'et'],-1.0,0,['abusecomplaints@markmonitor.com',0,csv_benign,,, 11:00:26.542183
 'l', 'e', 'y'],0,2.15413541726763,-1.0,defaultdict(<class 'int'>, 'ley'],['domainabuse@cscglobal.com', 'l': 1}),['wil', 'il', {'e': 1,CSC CORPORATE DOMAINS,0,['wi',[('wiley.com',com, ('qq.com', 'y': 1, 'i': 1, 12:00:50.326445,4.0,0, INC., 'le',9325 days,wiley,0,, 86)],0.0, 100), 'ile', 'w': 1, 'ey'], 'domains@wiley.com'],0,0,csv_benign,,,2.15413541726763
 'l', 'e', 'y'],0,1.9288222235042776,-1.0,defaultdict(<class 'int'>, 'ley'],['domainabuse@cscglobal.com', 'l': 1}),['wil', 'il', {'e': 1,CSC CORPORATE DOMAINS,0,['wi',[('wiley.com',com, ('qq.com', 'y': 1, 'i': 1, 12:00:51.088003,4.0,0, INC., 'le',9325 days,wiley,0,, 86)],0.0, 100), 'ile', 'w': 4, 'ey'], 'domains@wiley.com'],0,0,csv_benign,,,1.9288222235042776
 'e', 'd'],0,2.15413541726763,10016 days,-1.0,defaultdict(<class 'int'>, 'red'], 'domain_admin@advancemags.com', 'r': 1}),['wir', 'ir', {'e': 1,CSC CORPORATE DOMAINS,0,['wi',[('wired.com',0, ('qq.com', 'd': 1, 'i': 1,com,8.0,0, INC., 're', 11:00:59.208228,wired,['domainabuse@cscglobal.com',, 86)],0.0, 100), 'ire', 'w': 1, 'ed'], 'domains@condenast.com'],0,0,csv_benign,,,10016 days
 'k', 'u'],0,1.8208020839342969,5967 days,, 'u': 2, {'y': 1,0.0, 'uk', 'uku'],Alibaba Cloud Computing (Beijing) Co., 'o': 1,4.0, 100), 'ku'], ('qq.com',0,0, 'k': 1}),['yo',com,, 'ouk',-1.0, Ltd., 6:03:20.391237,,DomainAbuse@service.aliyun.com,,['you',[('youku.com', 86)],defaultdict(<class 'int'>, 'ou',youku,0,0,0,csv_benign,,,5967 days
 'u', 'r'],0,2.15413541726763,4121 days,, {'m': 1,defaultdict(<class 'int'>, '03a62b075df947cd8615d31b73900a96.protect@whoisguard.com'],['im', 'mgu', 'gu', 'u': 1,imgur,[('imgur.com', 'mg', 100),0, 86)], 'i': 1, 'g': 1,com,,['img',8.0, 'ur'], 19:30:18.478393,-1.0,['abuse@namecheap.com',,0,0, ('qq.com', 'gur'], 'r': 1}),NAMECHEAP INC,0.0,0,0,csv_benign,,,4121 days
1.5,,com,0,1,,,163, ('facebook.com',, '63'],,,,['163'],,defaultdict(<class 'int'>,0, '6': 1,,,33.33333333333333,,['16',,,,, 100),, '3': 1}),0, {'1': 1,,,, 86)],[('163.com',0,csv_benign,,,1
 'd', 'o'],0,2.15413541726763,5256 days,, 'i': 1, {'m': 1,0.0, 'im', 'mdo'], 'do'], 'o': 1,jimdo, 100), 'md', ('qq.com',0,0, 'd': 1, 'j': 1}),com,, 'imd',8.0,PSI-USA, 22:35:27.486289,-1.0,domain-abuse@psi-usa.info,,['jim',[('jimdo.com', 86)],defaultdict(<class 'int'>,['ji', Inc. dba Domain Robot,0,0,0,csv_benign,,,5256 days
0,1.4575424759098898,7709 days, 22:25:31.311018,fr,, 'r': 1}), 'f': 1,0.0,free,defaultdict(<class 'int'>,-1.0,['fr',, 100),2.0, ('ieee.org',['hostmaster@online.net',0, 're', 'ee'],0,, 'ree'],,,0,, 'nic@nic.fr'],,['fre',[('free.fr', 53)], {'e': 2,ONLINE SAS,,0, '26ec12896f4b2cdf.152599@spamfree.bookmyname.com',0,csv_benign,,,fr
 'a', 'd', 'a'],0,2.0387577849659326,0.0, 'ada'], 'nad',['Geoffrey.Worthing@ssc-spc.gc.ca', 'c': 1,['can',['ca',defaultdict(<class 'int'>, 'ad',0, 'n': 1}),[('canada.ca',ca, ('ca.gov', {'d': 1, 'a': 3, 19:45:10.648208,canada,0, 'da'], 'an',6358 days,,0,-1.0, 86)],0.0, 100), 'ana', 'w': 3, 'na', 'registry@gc.ca'],0,0,csv_benign,,,2.0387577849659326
 'b', 'a', 'o'],0,2.114246535182279,4.0,defaultdict(<class 'int'>, 'bao'],DomainAbuse@service.aliyun.com, 'b': 1}), 'aob', 'ao', {'t': 1, 'ao'],[('taobao.com',['ta', 100),com, 86)], 'a': 2, 'o': 2, 12:11:58.127061,taobao,['tao',Alibaba Cloud Computing (Beijing) Co., 'ob',6212 days, Ltd.,0,-1.0,0,0, ('qq.com', 'oba', 'w': 3, 'ba',0.0,0,0,csv_benign,,,2.114246535182279
 'g', 'g'],0,1.4575424759098898,7367 days,, 'd': 1, {'i': 1, '9803dbb5cdf04caa9e1798b93ed7750e.protect@whoisguard.com'],NAMECHEAP INC, 'igg'],4.0, 'g': 2}),,[('digg.com',digg, 100),0, 90)],['di', 'ig',com,,['dig',,-1.0, 23:06:57.760095,,['abuse@namecheap.com',,0,0, ('g.co',defaultdict(<class 'int'>, 'gg'],,0.0,0,0,csv_benign,,,7367 days
 'n'],0,2.15413541726763,2046 days, 19:53:59.820756,, 'a': 1, 'i': 1,0, 'ia',defaultdict(<class 'int'>,阿里云计算有限公司（万网）, 'b': 1,-1.0, ('miibeian.gov.cn', 'an'], 89)],0,['bei', 'n': 1}),['be',0,, 'ian'],,beian,gov.cn,,0.0,, 'eia', 100),0, {'e': 1, 'ei',2.0,[('beian.gov.cn',bihaibin@263.net,0,csv_benign,,, 19:53:59.820756
 'n'],0,2.15413541726763,2046 days, 19:54:00.916064,, 'a': 1, 'i': 1,0, 'ia',defaultdict(<class 'int'>,阿里云计算有限公司（万网）, 'b': 1,-1.0, ('miibeian.gov.cn', 'an'], 89)],0,['bei', 'n': 1}),['be',0,, 'ian'],,beian,gov.cn,,0.0,, 'eia', 100),0, {'e': 1, 'ei',2.0,[('beian.gov.cn',bihaibin@263.net,0,csv_benign,,, 19:54:00.916064
 'l', 'e'],0,1.8348756474779464,7739 days,, {'e': 1,defaultdict(<class 'int'>,0.0, 'oo', 'ogl', 'gl', 'o': 2,google, 100), 'og', ('google.com.au',0,0, 'g': 2, 'l': 1}),co.uk,, 'oog',14.0, 'le'], 16:04:14.386737,-1.0,,,['goo',[('google.co.uk', 88)], 'gle'],['go',Markmonitor Inc. t/a MarkMonitor Inc. [Tag = MARKMONITOR],0,0,0,csv_benign,,,7739 days
 'i', 'n', 'x'],0,1.8208020839342969,,defaultdict(<class 'int'>, 'inx'],['domainabuse@cscglobal.com',['ng',['ngi', 'in', {'x': 1, INC.,0, 'gi',[('nginx.com',com, ('qq.com', 'i': 1, 'n': 2, 3:00:50.668593,-1.0,0,nginx, 'nx'],5600 days,3.0,0,, 86)],0.0, 100), 'gin', 'g': 1}),CSC CORPORATE DOMAINS, 'dnsadmin@f5.com'],0,0,csv_benign,,,1.8208020839342969
 'i', 'n', 'x'],0,2.0671680565972257,-1.0,defaultdict(<class 'int'>, 'inx'],['domainabuse@cscglobal.com', 'n': 2}),['ngi', 'gi', {'x': 1,CSC CORPORATE DOMAINS,0,['ng',[('nginx.com',com, ('qq.com', 'i': 1, 'g': 1, 3:00:51.325483,3.0,0, INC., 'in',5600 days,nginx,0,, 86)],0.0, 100), 'gin', 'w': 3, 'nx'], 'dnsadmin@f5.com'],0,0,csv_benign,,,2.0671680565972257
 's'],0,1.8575424759098895,9151 days, 12:04:33.788876,, 'b': 1}), 'w': 1,0, INC., {'e': 1,2.0,['we',, ('facebook.com',webs, 86)],0,['web', 'eb', 'bs'],0,,defaultdict(<class 'int'>,,-1.0,com,,0.0,, 'ebs'], 100),0, 's': 1,ENOM,,[('webs.com',ABUSE@ENOM.COM,0,csv_benign,,, 12:04:33.788876
 's'],0,1.8575424759098895,9151 days, 12:04:36.077697,, 'b': 1}), 'w': 1,0, INC., {'e': 1,2.0,['we',, ('facebook.com',webs, 86)],0,['web', 'eb', 'bs'],0,,defaultdict(<class 'int'>,,-1.0,com,,0.0,, 'ebs'], 100),0, 's': 1,ENOM,,[('webs.com',ABUSE@ENOM.COM,0,csv_benign,,, 12:04:36.077697
 's'],0,1.8575424759098895,9151 days, 12:04:38.238897,, 'b': 1}), 'w': 1,0, INC., {'e': 1,2.0,['we',, ('facebook.com',webs, 86)],0,['web', 'eb', 'bs'],0,,defaultdict(<class 'int'>,,-1.0,com,,0.0,, 'ebs'], 100),0, 's': 1,ENOM,,[('webs.com',ABUSE@ENOM.COM,0,csv_benign,,, 12:04:38.238897
 's'],0,1.8575424759098895,9151 days, 12:04:40.660208,, 'b': 1}), 'w': 1,0, INC., {'e': 1,2.0,['we',, ('facebook.com',webs, 86)],0,['web', 'eb', 'bs'],0,,defaultdict(<class 'int'>,,-1.0,com,,0.0,, 'ebs'], 100),0, 's': 1,ENOM,,[('webs.com',ABUSE@ENOM.COM,0,csv_benign,,, 12:04:40.660208
 's'],0,1.625,9151 days, 12:04:42.910246,, 'b': 1}), 'w': 4,0, INC., {'e': 1,2.0,['we',, ('facebook.com',webs, 86)],0,['web', 'eb', 'bs'],0,,defaultdict(<class 'int'>,,-1.0,com,,0.0,, 'ebs'], 100),0, 's': 1,ENOM,,[('webs.com',ABUSE@ENOM.COM,0,csv_benign,,, 12:04:42.910246
 's'],0,1.625,9151 days, 12:04:45.216231,, 'b': 1}), 'w': 4,0, INC., {'e': 1,2.0,['we',, ('facebook.com',webs, 86)],0,['web', 'eb', 'bs'],0,,defaultdict(<class 'int'>,,-1.0,com,,0.0,, 'ebs'], 100),0, 's': 1,ENOM,,[('webs.com',ABUSE@ENOM.COM,0,csv_benign,,, 12:04:45.216231
 'h'],0,2.15413541726763,0,edu,, 'h': 1, 'i': 1,[('umich.edu', 'ch'], {'m': 1,umich, 'c': 1}),, 86)],,0,domainreg@umich.edu, 'mic',['um', 'mi',0,,defaultdict(<class 'int'>,,0.0,0,,0,, 'ich'], ('washington.edu',['umi', 'u': 1, 'ic',-1.0, 100),0.0,0,csv_benign,,,edu
 'n', 'g'],0,2.15413541726763,5657 days,, 'i': 1, {'e': 1,0.0, 'fe', 'eng'], 'ng'], 'g': 1,8.0, 100), 'en', ('g.co',0,0, 'f': 1, 'n': 1}),com,, 'fen',-1.0,XINNET TECHNOLOGY CORPORATION, 21:44:25.507965,,supervision@xinnet.com,,['ife',[('ifeng.com', 90)],defaultdict(<class 'int'>,['if',ifeng,0,0,0,csv_benign,,,5657 days
 'g', 'e'],0,2.4063042189065182,9227 days,6.0, {'h': 1,defaultdict(<class 'int'>,0.0, 'c': 1}), 'ang', 'ha', 'e': 1, 'ge'], 100),['ch', ('w3.org',0,0, 'n': 1, 'a': 1,org,change, 'han',GoDaddy.com, 'an', 11:06:36.848299, LLC,abuse@godaddy.com,-1.0,['cha',[('change.org', 86)], 'nge'], 'g': 1, 'ng',0,0,0,csv_benign,,,9227 days
 'p', 'e'],0,2.15413541726763,6209 days,-1.0,defaultdict(<class 'int'>, 'ype'], 'domains@microsoft.com', 'k': 1}),['sky', 'ky', {'y': 1,MarkMonitor,0,['sk',[('skype.com',0, ('qq.com', 'p': 1, 's': 1,com,8.0,0, Inc., 'yp', 22:32:25.436357,skype,['abusecomplaints@markmonitor.com',, 86)],0.0, 100), 'kyp', 'e': 1, 'pe'], 'whoisrequest@markmonitor.com'],0,0,csv_benign,,,6209 days
 'e', 'l'],0,2.15413541726763,12448 days,-1.0,defaultdict(<class 'int'>, 'tel'], 'domainadmin@intel.com', 'l': 1}),['int', 'nt', {'t': 1,CSC CORPORATE DOMAINS,0,['in',[('intel.com',0, ('qq.com', 'e': 1, 'i': 1,com,8.0,0, INC., 'te', 11:06:57.501917,intel,['domainabuse@cscglobal.com',, 86)],0.0, 100), 'nte', 'n': 1, 'el'], 'hostmaster@intel.com'],0,0,csv_benign,,,12448 days
 'a'],0,1.8208020839342969,5980 days, 15:58:34.778315,, {'i': 2,defaultdict(<class 'int'>, 'help@hover.com'], 'ik', 'iki', 'ia'], 'k': 1,wikia,[('wikia.com', 'ki', 100),0, 86)], 'a': 1, 'w': 1}),0,,['wik',8.0,TUCOWS,com,-1.0, 'domainabuse@tucows.com',,0,0, ('qq.com', 'kia'],['wi', INC.,0.0,['wikia.com@contactprivacy.com',0,csv_benign,,, 15:58:34.778315
 'a'],0,1.8208020839342969,5980 days, 15:58:35.571206,, {'i': 2,defaultdict(<class 'int'>, 'help@hover.com'], 'ik', 'iki', 'ia'], 'k': 1,wikia,[('wikia.com', 'ki', 100),0, 86)], 'a': 1, 'w': 1}),0,,['wik',8.0,TUCOWS,com,-1.0, 'domainabuse@tucows.com',,0,0, ('qq.com', 'kia'],['wi', INC.,0.0,['wikia.com@contactprivacy.com',0,csv_benign,,, 15:58:35.571206
 'a'],0,1.7066000012820557,5980 days, 15:58:36.494936,, {'i': 2,defaultdict(<class 'int'>, 'help@hover.com'], 'ik', 'iki', 'ia'], 'k': 1,wikia,[('wikia.com', 'ki', 100),0, 86)], 'a': 1, 'w': 4}),0,,['wik',8.0,TUCOWS,com,-1.0, 'domainabuse@tucows.com',,0,0, ('qq.com', 'kia'],['wi', INC.,0.0,['wikia.com@contactprivacy.com',0,csv_benign,,, 15:58:36.494936
 'a'],0,1.7066000012820557,5980 days, 15:58:37.281905,, {'i': 2,defaultdict(<class 'int'>, 'help@hover.com'], 'ik', 'iki', 'ia'], 'k': 1,wikia,[('wikia.com', 'ki', 100),0, 86)], 'a': 1, 'w': 4}),0,,['wik',8.0,TUCOWS,com,-1.0, 'domainabuse@tucows.com',,0,0, ('qq.com', 'kia'],['wi', INC.,0.0,['wikia.com@contactprivacy.com',0,csv_benign,,, 15:58:37.281905
 'n'],0,2.289390278819448,9710 days, 12:07:23.340018,, 'o': 1, 'y': 1, 'hostmaster@turner.com'], 'nn'],defaultdict(<class 'int'>, INC., 'n': 3,-1.0,[('cnn.com',CSC CORPORATE DOMAINS, 100),0, 86)], 'm': 1, 'c': 1}),0,,['cnn'],,cnn,com,, 'tmgroup@turner.com',,0,0, ('facebook.com', {'e': 1,['cn',8.0,0.0,['domainabuse@cscglobal.com',0,csv_benign,,, 12:07:23.340018
 'n'],0,2.289390278819448,9710 days, 12:07:24.088568,, 'o': 1, 'y': 1, 'hostmaster@turner.com'], 'nn'],defaultdict(<class 'int'>, INC., 'n': 3,-1.0,[('cnn.com',CSC CORPORATE DOMAINS, 100),0, 86)], 'm': 1, 'c': 1}),0,,['cnn'],,cnn,com,, 'tmgroup@turner.com',,0,0, ('facebook.com', {'e': 1,['cn',8.0,0.0,['domainabuse@cscglobal.com',0,csv_benign,,, 12:07:24.088568
 'n'],0,1.4413202900260225,9710 days, 12:07:24.780162,, 'n': 2}), 'c': 1, 'hostmaster@turner.com'],cnn,defaultdict(<class 'int'>,-1.0,['cn',,[('cnn.com',8.0, 100),0, 86)], 'nn'],CSC CORPORATE DOMAINS,0,,['cnn'],,,com,, 'tmgroup@turner.com',,0,0, ('facebook.com', {'w': 3, INC.,,0.0,['domainabuse@cscglobal.com',0,csv_benign,,, 12:07:24.780162
 'n'],0,1.4413202900260225,9710 days, 12:07:25.446602,, 'n': 2}), 'c': 1, 'hostmaster@turner.com'],cnn,defaultdict(<class 'int'>,-1.0,['cn',,[('cnn.com',8.0, 100),0, 86)], 'nn'],CSC CORPORATE DOMAINS,0,,['cnn'],,,com,, 'tmgroup@turner.com',,0,0, ('facebook.com', {'w': 3, INC.,,0.0,['domainabuse@cscglobal.com',0,csv_benign,,, 12:07:25.446602
 'k'],0,2.15413541726763,7619 days, 16:30:05.307886,-1.0,defaultdict(<class 'int'>, 'esk'], 'plesk.com-admin@directnicwhoiscompliance.com', 'k': 1}),['ple', 'le', {'e': 1,DNC Holdings,0,['pl',[('plesk.com',0, ('qq.com', 'p': 1, 's': 1,0,3.0,0, Inc, 'es',com,plesk, 'plesk.com-registrant@directnicwhoiscompliance.com',, 86)],0.0, 100), 'les', 'l': 1, 'sk'], 'plesk.com-tech@directnicwhoiscompliance.com'],['abuse@directnic.com',0,csv_benign,,, 16:30:05.307886
 'k'],0,2.289390278819448,7619 days, 16:30:06.044934,3.0,defaultdict(<class 'int'>, 'esk'], 'plesk.com-admin@directnicwhoiscompliance.com', 'w': 3,['ple',['pl', {'e': 1, 'sk'],0, 'k': 1}),[('plesk.com',0, ('qq.com', 's': 1, 'l': 1,0,plesk,0,DNC Holdings, 'le',com, Inc, 'plesk.com-registrant@directnicwhoiscompliance.com',-1.0, 86)],0.0, 100), 'les', 'p': 1, 'es', 'plesk.com-tech@directnicwhoiscompliance.com'],['abuse@directnic.com',0,csv_benign,,, 16:30:06.044934
 'k'],0,2.289390278819448,7619 days, 16:30:06.791622,3.0,defaultdict(<class 'int'>, 'esk'], 'plesk.com-admin@directnicwhoiscompliance.com', 'w': 3,['ple',['pl', {'e': 1, 'sk'],0, 'k': 1}),[('plesk.com',0, ('qq.com', 's': 1, 'l': 1,0,plesk,0,DNC Holdings, 'le',com, Inc, 'plesk.com-registrant@directnicwhoiscompliance.com',-1.0, 86)],0.0, 100), 'les', 'p': 1, 'es', 'plesk.com-tech@directnicwhoiscompliance.com'],['abuse@directnic.com',0,csv_benign,,, 16:30:06.791622
 'l'],0,2.8177111123931664,7750 days, 11:07:55.426918,, 'd': 1, 'y': 1,0, 's': 1}),defaultdict(<class 'int'>, 'ys', 'l': 1,MarkMonitor Inc., ('qq.com',['my', 86)],0,['mys', 'v': 1, 'm': 1,0,-1.0, 'sql'],mysql, 'sq',com,6.0,0.0,, 'ysq', 100),0, {'e': 1, 'q': 1, 'ql'],[('mysql.com',abusecomplaints@markmonitor.com,0,csv_benign,,, 11:07:55.426918
 'l'],0,2.8177111123931664,7750 days, 11:07:56.719125,, 'd': 1, 'y': 1,0, 's': 1}),defaultdict(<class 'int'>, 'ys', 'l': 1,MarkMonitor Inc., ('qq.com',['my', 86)],0,['mys', 'v': 1, 'm': 1,0,-1.0, 'sql'],mysql, 'sq',com,6.0,0.0,, 'ysq', 100),0, {'e': 1, 'q': 1, 'ql'],[('mysql.com',abusecomplaints@markmonitor.com,0,csv_benign,,, 11:07:56.719125
 'c', 'o'],0,2.4063042189065182,9550 days,-1.0, {'e': 1,defaultdict(<class 'int'>,0.0, 'c': 1}), 'esc', 'ne', 'u': 1, 'co'], 100),['un', ('w3.org',0,0, 'o': 1, 'n': 1,org,4.0, 'nes',Gandi SAS, 'es', 11:08:12.076804,unesco,abuse@support.gandi.net,,['une',[('unesco.org', 86)], 'sco'], 's': 1, 'sc',0,0,0,csv_benign,,,9550 days
 'o', 'r', 'a'],0,2.289390278819448,8.0,defaultdict(<class 'int'>, 'ora'],['domainabuse@cscglobal.com', 'a': 1,['quo',['qu', {'u': 1, 'ra'],0, 'w': 3}),[('qq.com',com, ('vk.com', 'o': 1, 'r': 1, 20:49:55.336718,quora,0,CSC CORPORATE DOMAINS, 'uo',7329 days, INC.,0,-1.0, 86)],0.0, 86), 'uor', 'q': 1, 'or', 'Domain@quora.com'],0,0,csv_benign,,,2.289390278819448
 'e'],0,1.8575424759098895,8366 days, 12:09:22.487547,,defaultdict(<class 'int'>, 'ice'], 'admin-7091795@vice.com.whoisprivacyservice.org',['vi',0, 'ce'], {'e': 1,vice,0.0, 'ic',0,0, 100), 'i': 1, 'c': 1,0,, 86)],8.0,Amazon Registrar,com,-1.0, 'owner-7091795@vice.com.whoisprivacyservice.org',, ('facebook.com', 'registrar@amazon.com'],[('vice.com',['vic', 'v': 1}), Inc., 'tech-7091795@vice.com.whoisprivacyservice.org',['registrar-abuse@amazon.com',0,csv_benign,,, 12:09:22.487547
 'e'],0,2.0306390622295662,8366 days, 12:09:23.212813,,defaultdict(<class 'int'>, 'ice'], 'admin-7091795@vice.com.whoisprivacyservice.org', 'v': 1}),0, 'ic', {'e': 1, Inc.,0.0,['vi',0,0, 100), 'i': 1, 'w': 3,0,-1.0, 86)],vice, 'ce'],com,8.0, 'owner-7091795@vice.com.whoisprivacyservice.org',, ('facebook.com', 'registrar@amazon.com'],[('vice.com',['vic', 'c': 1,Amazon Registrar, 'tech-7091795@vice.com.whoisprivacyservice.org',['registrar-abuse@amazon.com',0,csv_benign,,, 12:09:23.212813
 'e'],0,2.0306390622295662,8366 days, 12:09:23.946061,,defaultdict(<class 'int'>, 'ice'], 'admin-7091795@vice.com.whoisprivacyservice.org', 'v': 1}),0, 'ic', {'e': 1, Inc.,0.0,['vi',0,0, 100), 'i': 1, 'w': 3,0,-1.0, 86)],vice, 'ce'],com,8.0, 'owner-7091795@vice.com.whoisprivacyservice.org',, ('facebook.com', 'registrar@amazon.com'],[('vice.com',['vic', 'c': 1,Amazon Registrar, 'tech-7091795@vice.com.whoisprivacyservice.org',['registrar-abuse@amazon.com',0,csv_benign,,, 12:09:23.946061
 'e'],0,2.0306390622295662,8366 days, 12:09:24.693480,,defaultdict(<class 'int'>, 'ice'], 'admin-7091795@vice.com.whoisprivacyservice.org', 'v': 1}),0, 'ic', {'e': 1, Inc.,0.0,['vi',0,0, 100), 'i': 1, 'w': 3,0,-1.0, 86)],vice, 'ce'],com,8.0, 'owner-7091795@vice.com.whoisprivacyservice.org',, ('facebook.com', 'registrar@amazon.com'],[('vice.com',['vic', 'c': 1,Amazon Registrar, 'tech-7091795@vice.com.whoisprivacyservice.org',['registrar-abuse@amazon.com',0,csv_benign,,, 12:09:24.693480
 'e'],0,2.0306390622295662,8366 days, 12:09:25.402907,,defaultdict(<class 'int'>, 'ice'], 'admin-7091795@vice.com.whoisprivacyservice.org', 'v': 1}),0, 'ic', {'e': 1, Inc.,0.0,['vi',0,0, 100), 'i': 1, 'w': 3,0,-1.0, 86)],vice, 'ce'],com,8.0, 'owner-7091795@vice.com.whoisprivacyservice.org',, ('facebook.com', 'registrar@amazon.com'],[('vice.com',['vic', 'c': 1,Amazon Registrar, 'tech-7091795@vice.com.whoisprivacyservice.org',['registrar-abuse@amazon.com',0,csv_benign,,, 12:09:25.402907
0,1.0,7129 days, 2:13:28.056465,ca,,cbc,,[('cbc.ca',,['cb',,0.0,, 86)],,0,domain-name@cbc.ca,defaultdict(<class 'int'>,-1.0,,0,, 'c': 2}),,,0,,0,, {'b': 1, ('google.ca',['cbc'], 'bc'],,, 100),0.0,0,csv_benign,,,ca
 'd'],0,1.8575424759098895,7801 days, 11:09:43.325938,, 'z': 1, {'e': 1, 'abuse@easydns.com'], 'nd'], 'end'], Inc., 'n': 1,-1.0,[('facebook.com',easyDNS Technologies, 86),0, 86)], 'd': 1}),['ze',0,,['zen',,zend,com,, 'hostmaster@easydns.com',,0,0, ('instagram.com',defaultdict(<class 'int'>, 'en',8.0,0.0,['DL-RW-IT@roguewave.com',0,csv_benign,,, 11:09:43.325938
 'd'],0,2.0306390622295662,7801 days, 11:09:44.135192,, 'z': 1, {'e': 1, 'abuse@easydns.com'], 'en', 'end'],easyDNS Technologies, 'd': 1,8.0,[('facebook.com', 'nd'], 86),0, 86)], 'w': 3, 'n': 1}),0,,['zen',-1.0, Inc.,com,, 'hostmaster@easydns.com',,0,0, ('instagram.com',defaultdict(<class 'int'>,['ze',zend,0.0,['DL-RW-IT@roguewave.com',0,csv_benign,,, 11:09:44.135192
 'd'],0,2.0306390622295662,7801 days, 11:09:45.339088,, 'z': 1, {'e': 1, 'abuse@easydns.com'], 'en', 'end'],easyDNS Technologies, 'd': 1,8.0,[('facebook.com', 'nd'], 86),0, 86)], 'w': 3, 'n': 1}),0,,['zen',-1.0, Inc.,com,, 'hostmaster@easydns.com',,0,0, ('instagram.com',defaultdict(<class 'int'>,['ze',zend,0.0,['DL-RW-IT@roguewave.com',0,csv_benign,,, 11:09:45.339088
 'e'],0,1.8208020839342969,0,gov,, 's': 1}), 'a': 1,[('state.gov',, {'t': 2,0.0,['st',, 86)],state,0,, 'tat', 'ta', 'at',0,,defaultdict(<class 'int'>,,-1.0,0,,0,, 'ate'], ('miitbeian.gov.cn',['sta', 'e': 1, 'te'],, 100),0.0,0,csv_benign,,,gov
 'u', 'p'],0,2.1205899331922318,7917 days,, {'m': 1,defaultdict(<class 'int'>,0.0,['me', 'etu', 'et', 'e': 2,MarkMonitor Inc., 100), 'ee', ('qq.com',0,0, 't': 1, 'p': 1,com,-1.0, 'eet',meetup, 'tu', 12:09:55.592768,4.0,abusecomplaints@markmonitor.com,,['mee',[('meetup.com', 86)], 'tup'], 'u': 1}), 'up'],0,0,0,csv_benign,,,7917 days
 'y'],0,2.15413541726763,2703 days, 22:14:48.488489,, 'i': 1, 'y': 1,0, 'ph',defaultdict(<class 'int'>,GoDaddy.com, 'p': 1,4.0, ('qq.com', 'hy'], 86)],0,['gip', 'g': 1}),['gi',0,, 'phy'],-1.0, LLC,com,,0.0,, 'iph', 100),0, {'h': 1, 'ip',giphy,[('giphy.com',abuse@godaddy.com,0,csv_benign,,, 22:14:48.488489
 'l'],0,1.7270345757403085,7112 days, 19:41:49.417111,, 'l': 1}), 'w': 3,0.0,0.0, {'a': 1,,['ao',, 86),-1.0, ('canada.ca',0,0, 'ol'],,0,,defaultdict(<class 'int'>,,,ca,, 'ccopsbilling@markmonitor.com'],,['aol'],[('google.ca', 86)], 'o': 1,aol,,0,['domain-admin@oath.com',0,csv_benign,,, 19:41:49.417111
 'l'],0,1.7270345757403085,7112 days, 19:41:50.167489,, 'l': 1}), 'w': 3,0.0,0.0, {'a': 1,,['ao',, 86),-1.0, ('canada.ca',0,0, 'ol'],,0,,defaultdict(<class 'int'>,,,ca,, 'ccopsbilling@markmonitor.com'],,['aol'],[('google.ca', 86)], 'o': 1,aol,,0,['domain-admin@oath.com',0,csv_benign,,, 19:41:50.167489
0,1.4575424759098898,6564 days, 19:52:27.786263,us,, 'ci',['ic',[('icio.us',-1.0, 'o': 1,, 'io'],, 79)],,0,, 'cio'],,icio,0,, {'i': 2,,,0,,0,,defaultdict(<class 'int'>, ('delicious.com',['ici', 'c': 1}),3.0,, 100),0.0,0,csv_benign,,,us
 'e'],0,0.9065649754771962,11101 days, 11:12:27.297686,, 'ee',['ie',0,3.0, {'e': 3,, 'ee'],, ('wordpress.org',-1.0, 86)],0,['iee',Network Solutions, LLC,0,,defaultdict(<class 'int'>,,,org,,0.0,, 'eee'], 100),0, 'i': 1}),ieee,,[('ieee.org',abuse@web.com,0,csv_benign,,, 11:12:27.297686
 'e'],0,1.4362781244591327,11101 days, 11:12:28.078546,,['ie', 'w': 3}),0,ieee, {'e': 3,-1.0, 'ee',, ('wordpress.org',3.0, 86)],0,['iee', 'ee'],Network Solutions,0,,defaultdict(<class 'int'>,,,org,,0.0,, 'eee'], 100),0, 'i': 1, LLC,,[('ieee.org',abuse@web.com,0,csv_benign,,, 11:12:28.078546
 'e'],0,1.4362781244591327,11101 days, 11:12:28.873804,,['ie', 'w': 3}),0,ieee, {'e': 3,-1.0, 'ee',, ('wordpress.org',3.0, 86)],0,['iee', 'ee'],Network Solutions,0,,defaultdict(<class 'int'>,,,org,,0.0,, 'eee'], 100),0, 'i': 1, LLC,,[('ieee.org',abuse@web.com,0,csv_benign,,, 11:12:28.873804
 'e'],0,1.4362781244591327,11101 days, 11:12:29.645971,,['ie', 'w': 3}),0,ieee, {'e': 3,-1.0, 'ee',, ('wordpress.org',3.0, 86)],0,['iee', 'ee'],Network Solutions,0,,defaultdict(<class 'int'>,,,org,,0.0,, 'eee'], 100),0, 'i': 1, LLC,,[('ieee.org',abuse@web.com,0,csv_benign,,, 11:12:29.645971
 'e'],0,1.4362781244591327,11101 days, 11:12:30.443863,,['ie', 'w': 3}),0,ieee, {'e': 3,-1.0, 'ee',, ('wordpress.org',3.0, 86)],0,['iee', 'ee'],Network Solutions,0,,defaultdict(<class 'int'>,,,org,,0.0,, 'eee'], 100),0, 'i': 1, LLC,,[('ieee.org',abuse@web.com,0,csv_benign,,, 11:12:30.443863
 'g'],0,1.4575424759098898,5972 days, 20:52:14.449058,, 'n': 2, {'i': 1, 'info@domain-contact.org'],Key-Systems GmbH, 'ing'],4.0, 'g': 1}),,[('g.co',ning, 90),0, 88)],['ni', 'in',0,,['nin',,-1.0,com,, 'abusereport@key-systems.net',,0,0, ('xing.com',defaultdict(<class 'int'>, 'ng'],,0.0,['abuse@key-systems.net',0,csv_benign,,, 20:52:14.449058
 'g'],0,1.4575424759098898,5972 days, 20:52:15.475724,, 'n': 2, {'i': 1, 'info@domain-contact.org'],Key-Systems GmbH, 'ing'],4.0, 'g': 1}),,[('g.co',ning, 90),0, 88)],['ni', 'in',0,,['nin',,-1.0,com,, 'abusereport@key-systems.net',,0,0, ('xing.com',defaultdict(<class 'int'>, 'ng'],,0.0,['abuse@key-systems.net',0,csv_benign,,, 20:52:15.475724
 'g'],0,1.7806390622295662,5972 days, 20:52:16.440353,, 'g': 1, {'i': 1, 'info@domain-contact.org'], 'ng'], 'ing'],ning, 'w': 3,,[('g.co',Key-Systems GmbH, 90),0, 88)], 'n': 2}),['ni',0,,['nin',,4.0,com,, 'abusereport@key-systems.net',,0,0, ('xing.com',defaultdict(<class 'int'>, 'in',-1.0,0.0,['abuse@key-systems.net',0,csv_benign,,, 20:52:16.440353
 'g'],0,1.7806390622295662,5972 days, 20:52:17.386285,, 'g': 1, {'i': 1, 'info@domain-contact.org'], 'ng'], 'ing'],ning, 'w': 3,,[('g.co',Key-Systems GmbH, 90),0, 88)], 'n': 2}),['ni',0,,['nin',,4.0,com,, 'abusereport@key-systems.net',,0,0, ('xing.com',defaultdict(<class 'int'>, 'in',-1.0,0.0,['abuse@key-systems.net',0,csv_benign,,, 20:52:17.386285
me,0,0,,0.0,,,,0,,,,,, {'t': 1}),,[], 100),t,,,[('t.me',,,,,0,, 86)],,,defaultdict(<class 'int'>,,,,,[], ('line.me',0,csv_benign,,,0.0
 'x'],0,1.5,9337 days, 12:15:03.343841,,['vo', 'v': 1}),0.0,8.0, {'x': 1,, 'ox'],, 86),-1.0, ('twitter.com',0,0,CSC CORPORATE DOMAINS, INC.,0,,defaultdict(<class 'int'>,,,com,, 'domain.names@voxmedia.com'],,['vox'],[('facebook.com', 86)], 'o': 1,vox,,0,['domainabuse@cscglobal.com',0,csv_benign,,, 12:15:03.343841
 'x'],0,1.7270345757403085,9337 days, 12:15:04.032643,, 'v': 1}), 'w': 3,0.0,vox, {'x': 1,-1.0,['vo',, 86),8.0, ('twitter.com',0,0, 'ox'],CSC CORPORATE DOMAINS,0,,defaultdict(<class 'int'>,,,com,, 'domain.names@voxmedia.com'],,['vox'],[('facebook.com', 86)], 'o': 1, INC.,,0,['domainabuse@cscglobal.com',0,csv_benign,,, 12:15:04.032643
 'x'],0,1.7270345757403085,9337 days, 12:15:04.728479,, 'v': 1}), 'w': 3,0.0,vox, {'x': 1,-1.0,['vo',, 86),8.0, ('twitter.com',0,0, 'ox'],CSC CORPORATE DOMAINS,0,,defaultdict(<class 'int'>,,,com,, 'domain.names@voxmedia.com'],,['vox'],[('facebook.com', 86)], 'o': 1, INC.,,0,['domainabuse@cscglobal.com',0,csv_benign,,, 12:15:04.728479
 'x'],0,1.7270345757403085,9337 days, 12:15:05.411832,, 'v': 1}), 'w': 3,0.0,vox, {'x': 1,-1.0,['vo',, 86),8.0, ('twitter.com',0,0, 'ox'],CSC CORPORATE DOMAINS,0,,defaultdict(<class 'int'>,,,com,, 'domain.names@voxmedia.com'],,['vox'],[('facebook.com', 86)], 'o': 1, INC.,,0,['domainabuse@cscglobal.com',0,csv_benign,,, 12:15:05.411832
 'x'],0,1.7270345757403085,9337 days, 12:15:06.092259,, 'v': 1}), 'w': 3,0.0,vox, {'x': 1,-1.0,['vo',, 86),8.0, ('twitter.com',0,0, 'ox'],CSC CORPORATE DOMAINS,0,,defaultdict(<class 'int'>,,,com,, 'domain.names@voxmedia.com'],,['vox'],[('facebook.com', 86)], 'o': 1, INC.,,0,['domainabuse@cscglobal.com',0,csv_benign,,, 12:15:06.092259
 'l', 'l'],0,1.8208020839342969,8224 days,, 'm': 1, {'t': 1,0.0, 'al', 'all'],Alibaba Cloud Computing (Beijing) Co., 'a': 1,4.0, 100), 'll'], ('qq.com',0,0, 'l': 2}),['tm',com,, 'mal',-1.0, Ltd., 12:15:11.996860,,DomainAbuse@service.aliyun.com,,['tma',[('tmall.com', 86)],defaultdict(<class 'int'>, 'ma',tmall,0,0,0,csv_benign,,,8224 days
 't', 'e'],0,2.15413541726763,9193 days,, {'t': 1,defaultdict(<class 'int'>, 'admin.contact@slate.com'],['sl', 'lat', 'at', 'e': 1, INC.,[('slate.com', 'la', 100),0, 86)], 'a': 1, 's': 1,com,-1.0,['sla',slate, 'te'], 11:15:20.807863,8.0,['domainabuse@cscglobal.com',,0,0, ('qq.com', 'ate'], 'l': 1}),CSC CORPORATE DOMAINS,0.0,0,0,csv_benign,,,9193 days
 'g', 'l', 'e'],0,2.1142465351822795,-1.0,defaultdict(<class 'int'>, 'gle'],dns-admin@google.com, 'g': 2}), 'oog', 'oo', {'e': 1, 'le'],[('google.ca',['go', 100),ca, 89)], 'o': 2, 'w': 3, 13:54:47.469463,0.0,['goo',, 'og',7141 days,google,0,,0,0, ('google.ch', 'ogl', 'l': 1, 'gl',0.0,0,0,csv_benign,,,2.1142465351822795
 'a'],0,1.8575424759098895,9035 days, 12:16:19.240990,, 'k': 1, 'i': 1,0.0,CSC CORPORATE DOMAINS,defaultdict(<class 'int'>,ikea, 'a': 1}),, 86), INC., ('instagram.com',0,0,['ik', 'ke',0,, 'kea'],,4.0,com,, 'domainadm@INTER-IKEA.COM'],,['ike',[('facebook.com', 86)], {'e': 1, 'ea'],-1.0,0,['domainabuse@cscglobal.com',0,csv_benign,,, 12:16:19.240990
 'a'],0,2.0306390622295662,9035 days, 12:16:19.953688,, 'k': 1, 'i': 1,0.0, 'ea'],defaultdict(<class 'int'>, INC., 'a': 1,-1.0, 86),CSC CORPORATE DOMAINS, ('instagram.com',0,0, 'w': 3}),['ik',0,, 'kea'],,ikea,com,, 'domainadm@INTER-IKEA.COM'],,['ike',[('facebook.com', 86)], {'e': 1, 'ke',4.0,0,['domainabuse@cscglobal.com',0,csv_benign,,, 12:16:19.953688
 'a'],0,2.0306390622295662,9035 days, 12:16:20.662288,, 'k': 1, 'i': 1,0.0, 'ea'],defaultdict(<class 'int'>, INC., 'a': 1,-1.0, 86),CSC CORPORATE DOMAINS, ('instagram.com',0,0, 'w': 3}),['ik',0,, 'kea'],,ikea,com,, 'domainadm@INTER-IKEA.COM'],,['ike',[('facebook.com', 86)], {'e': 1, 'ke',4.0,0,['domainabuse@cscglobal.com',0,csv_benign,,, 12:16:20.662288
 'a'],0,2.0306390622295662,9035 days, 12:16:21.371593,, 'k': 1, 'i': 1,0.0, 'ea'],defaultdict(<class 'int'>, INC., 'a': 1,-1.0, 86),CSC CORPORATE DOMAINS, ('instagram.com',0,0, 'w': 3}),['ik',0,, 'kea'],,ikea,com,, 'domainadm@INTER-IKEA.COM'],,['ike',[('facebook.com', 86)], {'e': 1, 'ke',4.0,0,['domainabuse@cscglobal.com',0,csv_benign,,, 12:16:21.371593
 'a'],0,2.0306390622295662,9035 days, 12:16:22.100760,, 'k': 1, 'i': 1,0.0, 'ea'],defaultdict(<class 'int'>, INC., 'a': 1,-1.0, 86),CSC CORPORATE DOMAINS, ('instagram.com',0,0, 'w': 3}),['ik',0,, 'kea'],,ikea,com,, 'domainadm@INTER-IKEA.COM'],,['ike',[('facebook.com', 86)], {'e': 1, 'ke',4.0,0,['domainabuse@cscglobal.com',0,csv_benign,,, 12:16:22.100760
 'd', 'n'],0,2.15413541726763,4738 days,, {'n': 1,defaultdict(<class 'int'>, 'domain@fb.com'],['fb', 'bcd', 'cd', 'c': 1, LLC,[('fbcdn.net', 'bc', 100),0, 86)], 'f': 1, 'b': 1,net,-1.0,['fbc',fbcdn, 'dn'], 21:27:37.788615,4.0,['abusecomplaints@registrarsafe.com',,0,0, ('slideshare.net', 'cdn'], 'd': 1}),RegistrarSafe,0.0,0,0,csv_benign,,,4738 days
 'o'],0,2.789735285398626,9227 days, 11:16:51.958387,, 'o': 2, 'h': 1,0, 'w': 1}),defaultdict(<class 'int'>, 'ah', 'n': 1,MarkMonitor Inc., ('qq.com',['ya', 86)],0,['yah', 'y': 1, 'a': 1,0,-1.0, 'hoo'],yahoo, 'ho',com,5.0,0.0,, 'aho', 100),0, {'e': 1, 's': 1, 'oo'],[('yahoo.com',abusecomplaints@markmonitor.com,0,csv_benign,,, 11:16:51.958387
0,gov,0,0,EDSOC@ed.gov,,,, 86)],,0.0,,,,defaultdict(<class 'int'>,, {'e': 1,[('ed.gov',['ed'],,,0,,ed,,,0.0,, ('miitbeian.gov.cn',,,[], 'd': 1}),-1.0,,,0, 100),0,csv_benign,,,edsoc@ed.gov
 'u', 't'],0,2.15413541726763,4376 days,, 'u': 1, {'t': 1,0.0, 'bo', 'out'], 'ut'], 'a': 1,0.0, 90), 'ou', ('wp.me',0,0, 'o': 1, 'b': 1}),me,, 'bou',-1.0,NAMECHEAP INC, 22:24:44.681029,,,,['abo',[('t.me', 86)],defaultdict(<class 'int'>,['ab',about,0,0,0,csv_benign,,,4376 days
 'u', 'n'],0,2.15413541726763,6086 days,, 'e': 1, {'h': 1,0.0, 'ex', 'xun'], 'un'], 'n': 1,hexun, 86), 'xu', ('vk.com',0,0, 'u': 1, 'x': 1}),com,, 'exu',7.0,Xiamen 35.Com Technology Co., 21:43:04.017133,-1.0,domainabuse@35.cn,,['hex',[('qq.com', 86)],defaultdict(<class 'int'>,['he', Ltd,0,0,0,csv_benign,,,6086 days
0,edu,0,0,['alpertb@si.edu',,,-1.0, ('harvard.edu',,si,,,,[],,defaultdict(<class 'int'>,0, 's': 1}),,,0.0,,,,, 'johnstonj@si.edu'],, 100),,['si'],0, {'i': 1,0.0,,, 86)],[('si.edu',0,csv_benign,,,['alpertb@si.edu'
0,1.8575424759098895,4376 days, 22:17:14.499305,me,,['li', 'l': 1}),[('line.me',0.0, 'i': 1,, 'in',, 86)],-1.0,0,, 'ine'], 'ne'],MarkMonitor Inc.,0,, {'e': 1,,,0,,0,,defaultdict(<class 'int'>, ('telegram.me',['lin', 'n': 1,line,, 100),0.0,0,csv_benign,,,me
 'v'],0,1.4575424759098898,8373 days, 12:18:25.594195,,['cc', 'v': 1}),0,cctv, {'t': 1,-1.0, 'ct',, ('instagram.com',4.0, 86)],0,['cct', 'tv'],BEIJING SANFRONT INFORMATION TECHNOLOGY CO.,0,,defaultdict(<class 'int'>,,,com,,0.0,, 'ctv'], 86),0, 'c': 2, LTD,,[('facebook.com',kefu@sfn.cn,0,csv_benign,,, 12:18:25.594195
 'v'],0,1.7806390622295662,8373 days, 12:18:27.933710,, 'v': 1}), 'c': 2,0, LTD, {'t': 1,4.0,['cc',, ('instagram.com',cctv, 86)],0,['cct', 'ct', 'tv'],0,,defaultdict(<class 'int'>,,-1.0,com,,0.0,, 'ctv'], 86),0, 'w': 3,BEIJING SANFRONT INFORMATION TECHNOLOGY CO.,,[('facebook.com',kefu@sfn.cn,0,csv_benign,,, 12:18:27.933710
 'v'],0,1.7806390622295662,8373 days, 12:18:29.068185,, 'v': 1}), 'c': 2,0, LTD, {'t': 1,4.0,['cc',, ('instagram.com',cctv, 86)],0,['cct', 'ct', 'tv'],0,,defaultdict(<class 'int'>,,-1.0,com,,0.0,, 'ctv'], 86),0, 'w': 3,BEIJING SANFRONT INFORMATION TECHNOLOGY CO.,,[('facebook.com',kefu@sfn.cn,0,csv_benign,,, 12:18:29.068185
 'p', 'o', 't'],0,2.0306390622295662,,defaultdict(<class 'int'>, 'pot'],0.0, 'o': 1}), 'psp', 'pp', {'t': 1, 'po', 90),['ap', ('qq.com',0,0, 'a': 1, 'p': 3,com,appspot, 'pps', 'ot'], 'ps',,,,,['app',[('t.co', 86)], 'spo', 's': 1, 'sp',0,0,0,csv_benign,,,2.0306390622295662
 'v'],0,2.15413541726763,7787 days, 11:19:47.509672,, 'i': 1, 'a': 1,0, 'xi',defaultdict(<class 'int'>,Network Solutions, 'r': 1,2.0, ('w3.org', 'iv'], 86)],0,['arx', 'v': 1}),['ar',0,, 'xiv'],-1.0, LLC,org,,0.0,, 'rxi', 100),0, {'x': 1, 'rx',arxiv,[('arxiv.org',abuse@web.com,0,csv_benign,,, 11:19:47.509672
 'v'],0,2.15413541726763,7787 days, 11:19:48.267953,, 'i': 1, 'a': 1,0, 'xi',defaultdict(<class 'int'>,Network Solutions, 'r': 1,2.0, ('w3.org', 'iv'], 86)],0,['arx', 'v': 1}),['ar',0,, 'xiv'],-1.0, LLC,org,,0.0,, 'rxi', 100),0, {'x': 1, 'rx',arxiv,[('arxiv.org',abuse@web.com,0,csv_benign,,, 11:19:48.267953
 'o'],0,1.8208020839342969,0,co.jp,, 'o': 2}), 'a': 1,[('yahoo.co.jp',, {'y': 1,0.0,['ya',, 86)],yahoo,0,, 'aho', 'ah', 'ho',0,,defaultdict(<class 'int'>,,-1.0,0,,0,, 'hoo'], ('t.co',['yah', 'h': 1, 'oo'],, 100),0.0,0,csv_benign,,,co.jp
 '8'],0,1.4575424759098898,8588 days, 12:20:00.867966,,['16', '8': 2}),0,1688, {'1': 1,-1.0, '68',, ('facebook.com',2.0, 86)],1,['168', '88'],Alibaba Cloud Computing (Beijing) Co.,0,,defaultdict(<class 'int'>,,,com,,40.0,, '688'], 100),0, '6': 1, Ltd.,,[('1688.com',DomainAbuse@service.aliyun.com,0,csv_benign,,, 12:20:00.867966
 '8'],0,1.7806390622295662,8588 days, 12:20:01.966234,, '6': 1}), 'w': 3,0, Ltd., {'8': 2,2.0,['16',, ('facebook.com',1688, 86)],1,['168', '68', '88'],0,,defaultdict(<class 'int'>,,-1.0,com,,28.57142857142857,, '688'], 100),0, '1': 1,Alibaba Cloud Computing (Beijing) Co.,,[('1688.com',DomainAbuse@service.aliyun.com,0,csv_benign,,, 12:20:01.966234
 '8'],0,1.7806390622295662,8588 days, 12:20:03.002623,, '6': 1}), 'w': 3,0, Ltd., {'8': 2,2.0,['16',, ('facebook.com',1688, 86)],1,['168', '68', '88'],0,,defaultdict(<class 'int'>,,-1.0,com,,28.57142857142857,, '688'], 100),0, '1': 1,Alibaba Cloud Computing (Beijing) Co.,,[('1688.com',DomainAbuse@service.aliyun.com,0,csv_benign,,, 12:20:03.002623
 'u', 'n'],0,2.4063042189065182,8375 days,-1.0, {'t': 1,defaultdict(<class 'int'>,0.0, 'n': 1}), 'esu', 'he', 'h': 1, 'un'], 86),['th', ('ox.ac.uk',0,0, 'e': 1, 'u': 1,co.uk,16.0, 'hes',Markmonitor Inc. t/a MarkMonitor Inc. [Tag = MARKMONITOR], 'es', 16:20:23.359614,thesun,,,['the',[('t.co', 86)], 'sun'], 's': 1, 'su',0,0,0,csv_benign,,,8375 days
 'i', 'd'],0,2.1205899331922318,3206 days,-1.0, {'t': 1,defaultdict(<class 'int'>,0.0,['fa', 'iti', 'it', 'a': 1,Regional Network Information Center, 86), 'ai', ('creativecommons.org',0,0, 'i': 2, 'f': 1,org,6.0, 'ait', JSC dba RU-CENTER, 'ti', 4:27:35.366534,faitid,tld-abuse@nic.ru,,['fai',[('w3.org', 86)], 'tid'], 'd': 1}), 'id'],0,0,0,csv_benign,,,3206 days
 'p', 'b', 'b'],0,1.4874687506009634,,defaultdict(<class 'int'>, 'pbb'],['abuse@namecheap.com', 'hp',['php', 'bb'], {'h': 1,4.0,0, 'pb',[('phpbb.com',com, ('qq.com', 'p': 2, 'b': 2}), 5:35:05.873298,,0,-1.0,NAMECHEAP INC,7192 days,,0,, 86)],0.0, 100), 'hpb',['ph',phpbb, '53735e8c8ea848dea329a419d072f1da.protect@whoisguard.com'],0,0,csv_benign,,,1.4874687506009634
 'p', 'b', 'b'],0,1.8449458343750036,,defaultdict(<class 'int'>, 'pbb'],['abuse@namecheap.com',['ph',['php', 'pb', {'h': 1,phpbb,0, 'hp',[('phpbb.com',com, ('qq.com', 'p': 2, 'w': 3, 5:35:11.305825,,0,4.0, 'bb'],7192 days,-1.0,0,, 86)],0.0, 100), 'hpb', 'b': 2}),NAMECHEAP INC, '53735e8c8ea848dea329a419d072f1da.protect@whoisguard.com'],0,0,csv_benign,,,1.8449458343750036
 's'],0,1.8575424759098895,8797 days, 11:21:30.479459,, 's': 1, 'p': 1,0.0,TUCOWS,defaultdict(<class 'int'>,pnas, 'n': 1}),, 86), INC., ('wikipedia.org',0,0,['pn', 'na',0,, 'nas'],,4.0,org,, 'namedb@highwirepress.com'],,['pna',[('wordpress.org', 86)], {'a': 1, 'as'],-1.0,0,['domainabuse@tucows.com',0,csv_benign,,, 11:21:30.479459
 's'],0,2.0306390622295662,8797 days, 11:21:32.483575,, 's': 1, 'p': 1,0.0, 'as'],defaultdict(<class 'int'>, INC., 'w': 3,-1.0, 86),TUCOWS, ('wikipedia.org',0,0, 'n': 1}),['pn',0,, 'nas'],,pnas,org,, 'namedb@highwirepress.com'],,['pna',[('wordpress.org', 86)], {'a': 1, 'na',4.0,0,['domainabuse@tucows.com',0,csv_benign,,, 11:21:32.483575
 's'],0,2.0306390622295662,8797 days, 11:21:33.407388,, 's': 1, 'p': 1,0.0, 'as'],defaultdict(<class 'int'>, INC., 'w': 3,-1.0, 86),TUCOWS, ('wikipedia.org',0,0, 'n': 1}),['pn',0,, 'nas'],,pnas,org,, 'namedb@highwirepress.com'],,['pna',[('wordpress.org', 86)], {'a': 1, 'na',4.0,0,['domainabuse@tucows.com',0,csv_benign,,, 11:21:33.407388
 'o', 'o'],0,1.8208020839342969,5211 days,, {'u': 1,defaultdict(<class 'int'>, 'whoisrequest@markmonitor.com'], 'uf', 'ufo', 'oo'], 'o': 2,wufoo,[('wufoo.com', 'fo', 100),0, 86)], 'w': 1, 'f': 1}),com,,['wuf',16.0,MarkMonitor, 9:36:50.204406,-1.0,['abusecomplaints@markmonitor.com',,0,0, ('qq.com', 'foo'],['wu', Inc.,0.0,0,0,csv_benign,,,5211 days
 'e'],0,2.723308333814104,9248 days, 11:22:20.410267,-1.0, 'u': 1, {'t': 1, 'msnhst@microsoft.com'], 'v': 1, 'ive'],['li', 'i': 1,CSC CORPORATE DOMAINS,[('live.com', 'k': 1}), 100),0, 86)], 'o': 3, 'e': 1,0,16.0,['liv', INC., 'iv',com,live, 'domains@microsoft.com',,0,0, ('facebook.com',defaultdict(<class 'int'>, 'l': 2, 've'],0.0,['domainabuse@cscglobal.com',0,csv_benign,,, 11:22:20.410267
 'e'],0,2.723308333814104,9248 days, 11:22:21.103507,-1.0, 'u': 1, {'t': 1, 'msnhst@microsoft.com'], 'v': 1, 'ive'],['li', 'i': 1,CSC CORPORATE DOMAINS,[('live.com', 'k': 1}), 100),0, 86)], 'o': 3, 'e': 1,0,16.0,['liv', INC., 'iv',com,live, 'domains@microsoft.com',,0,0, ('facebook.com',defaultdict(<class 'int'>, 'l': 2, 've'],0.0,['domainabuse@cscglobal.com',0,csv_benign,,, 11:22:21.103507
0,1.8575424759098895,6247 days, 2:16:31.093322,cn,,['cn', 'v': 1}),[('miitbeian.gov.cn',2.0, 'n': 1,, 'nt',, 86)],-1.0,0,noc@staff.cntv.cn, 'ntv'], 'tv'],北京国旭网络科技有限公司,0,, {'t': 1,,,0,,0,,defaultdict(<class 'int'>, ('miibeian.gov.cn',['cnt', 'c': 1,cntv,, 86),0.0,0,csv_benign,,,cn
 'v'],0,1.7806390622295662,8373 days, 12:22:31.374931,, 'v': 1}), 'c': 2,0, LTD, {'t': 1,4.0,['cc',, ('instagram.com',cctv, 86)],0,['cct', 'ct', 'tv'],0,,defaultdict(<class 'int'>,,-1.0,com,,0.0,, 'ctv'], 86),0, 'w': 3,BEIJING SANFRONT INFORMATION TECHNOLOGY CO.,,[('facebook.com',kefu@sfn.cn,0,csv_benign,,, 12:22:31.374931
 'v'],0,1.7806390622295662,8373 days, 12:22:32.687043,, 'v': 1}), 'c': 2,0, LTD, {'t': 1,4.0,['cc',, ('instagram.com',cctv, 86)],0,['cct', 'ct', 'tv'],0,,defaultdict(<class 'int'>,,-1.0,com,,0.0,, 'ctv'], 86),0, 'w': 3,BEIJING SANFRONT INFORMATION TECHNOLOGY CO.,,[('facebook.com',kefu@sfn.cn,0,csv_benign,,, 12:22:32.687043
 'o', 'n'],0,2.314246535182279,9068 days,4.0, {'t': 1,defaultdict(<class 'int'>,0.0, 'b': 1}), 'sto', 'os', 'o': 2, 'on'], 86),['bo', ('vk.com',0,0, 'n': 1, 's': 1,com,boston, 'ost',Name106, 'st', 12:22:35.924388, Inc.,abuse@name.com,-1.0,['bos',[('qq.com', 86)], 'ton'], 'w': 3, 'to',0,0,0,csv_benign,,,9068 days
0,0,['d', 'i', 'o',-1.0, 86)],com,0,,,,,['dio',8,,-1.0, 'neg'], 'n',, 'g'], 90),[('g.co',, 'ion', 'n', 'onn',, ('qq.com',0.0, 'nne',,,,FastDomain Inc.,, 'e',0,1,csv_malware,,, 'o'
['h', 'r', 'y', 's', 'p',0,-1.0,厦门商中在线科技股份有限公司（原厦门商中在线科技有限公司）,,,,,, 'ysp', 86),, 'rys',0, 'p'],,[('miitbeian.gov.cn', 86)], ('miibeian.gov.cn',, 'spa', 'a', 'pap'],,cn,,0.0,,,,-1.0,,8,['hry',1,csv_malware,,, 'p'
0,['h', 'r', 'y', 's',厦门商中在线科技股份有限公司（原厦门商中在线科技有限公司）,cn,-1.0,,,,,, 'rys',[('miitbeian.gov.cn',,['hry',0.0, 'a',,11, ('miibeian.gov.cn', 86),, 'ysp', 'p', 'spa',, 86)],0, 'pap'],,,,0,, 'p'],-1.0,1,csv_malware,,, 's'
 'd', 'i', 'y'],6,[('qq.com', 'sdi',-1.0,['ksd',,,,,,,-1.0,,0,, ('vk.com',,com,Ltd.,eName Technology Co.,,, 86),,,0,,,,,, 'diy'],, 86)],0.0,1,csv_malware,,,[('qq.com'
,-1.0,0,0,['t', 54),10,[('a8.net', 'uri',, 'ind', 'dia'],0.0,-1.0, 'n',,in,['tou', 'u', 'rin', 'i', 'i', 'd',0,Domainming, 'o',0,, 'a'], 'our',-1.0,, 'ndi',, ('theguardian.com',, 'r', 52)],1,csv_malware,,,['t'
-1.0,0,0,['c', 'z',com, ('vk.com', 86)], 'oyu'],,0,,,0, 'u'],, Incorporated, 'bao', 'a',0.0, 'y',[('qq.com',8,,-1.0, 'b',['czb',, 86), 'aoy', 'zba',,,,-1.0,, 'o',eNom445,1,csv_malware,,, 'z'
0,0,['c', 'z', 'b',-1.0, 86)],com,0.0,,,,,-1.0,11,,0, 'aoy', 'o',0, 'u'], 86),[('qq.com',,['czb', 'a', 'zba',, ('vk.com', 'oyu'], 'bao',,,,SNAPNAMES 58,, 'y', LLC,1,csv_malware,,, 'b'
 'e', '0', '0', '7'],6, 'e00',-1.0,['de0',,,,,,,net,,0,, 86),, 86)],WEBCC,-1.0,,,[('slideshare.net',,,0,,,,,, '007'],, ('doubleclick.net',27.27272727272727,1,csv_malware,,,6
0,0,['l', 'a', '2',or.kr, ('un.org', 60)], 'jej',,12.5,,,0, 'u'],, Ltd.(http://www.inames.co.kr), '21j', 'j', 'eju'], 'j',[('nhk.or.jp',9,,-1.0, '1',['la2',, 86), '1je', 'a21',,0,,-1.0,, 'e',Inames Co.,1,csv_malware,,, '2'
-1.0,0,0,['s', 'k', 86)], 86), ('vk.com', 'ttl',, 'les'],0,, Inc. dba Domain Robot, 'e',,PSI-USA, 'kot', 't', 'tle', 'l',9, 's'],,0, 'o',-1.0,,[('qq.com', 'ott',['sko',,0.0,,com,, 't',-1.0,1,csv_malware,,, 'k'
 '-', 's'],6,[('mlit.go.jp', 56),0.0, 'lt-', 't-s'],,,,,,,,,,, 50)],,-1.0,-1.0,0,,, ('hatena.ne.jp',,,['alt',,,,,,0,,pl,,1,csv_malware,,, 56)
-1.0,0,0,['p', 'i', 86)], 86), ('a8.net', 'zot',, 'tti'],0,, INC., 't',,TUCOWS, 'izz', 'z', 'ott', 't',12, 'i'],,0, 'z',-1.0,,[('php.net', 'zzo',['piz',,0.0,,net,, 'o',-1.0,1,csv_malware,,, 'i'
 'i'],6,[('t.co', 86), ('independent.co.uk',0.0, 'wdp', 'dpi'],,,,,,, Ltd.(http://www.inames.co.kr),,,,co.kr,,Inames Co.,-1.0,0,,, 86)],,,['dwd',,,,,,0,,-1.0,,1,csv_malware,,, ('independent.co.uk'
,-1.0,0,0,['f',[('t.co', 'r'],11, 'ile',, 'ese', 'erv', 'rve',co.kr, 'e',, 86)],-1.0, 'l', 'les', 's', 'v', 'r', 'ver'],-1.0, 'i',Dotname Korea Corp.(http://www.dotname.co.kr),0.0, 'e',['fil',0,, 'ser',0, 86),, 'e', ('bbc.co.uk',1,csv_malware,,,['f'
['i', 'z', 'l', 'i', 'n',0,-1.0,XINNET TECHNOLOGY CORPORATION,,,,,, 'lin', 86),, 'zli',0, 'x'],,[('qq.com', 86)], ('vk.com',, 'ini', 'i', 'nix'],,com,,0.0,,,,-1.0,,8,['izl',1,csv_malware,,, 'n'
 'd', 'f', 'r', 'u', 't'],['adf',0,-1.0,,,,,,0.0, 60)],, 'rut'],,[('t.co',, ('ft.com',-1.0,cl,,0,7,,,,,,,,, 'dfr',, 68), 'fru',1,csv_malware,,, 't']
 't', 'o', 'n', 'e', 'b'],['sto',0,-1.0,,,,,,0.0, 86)],, 'neb'],,[('miitbeian.gov.cn',, ('miibeian.gov.cn',-1.0,cn,,0,7,,,厦门易名科技股份有限公司,,,,,, 'ton',, 86), 'one',1,csv_malware,,, 'b']
['s', 't', 'o', 'n', 'e',-1.0,厦门易名科技股份有限公司,0,,,,,, 'neb'], ('miibeian.gov.cn',, 'one',,10,, 86),cn, 86)],,0.0, 'b'],0,,-1.0,,,,,,['sto',,[('miitbeian.gov.cn', 'ton',1,csv_malware,,, 'e'
,0,0,['c', 'h', 86)], 86), ('vk.com', 'alv',,0.0,,,0, 'v',,, 'ina', 'n', 'lve'], 'l',12, 'e'],,, 'i',['chi',,[('qq.com', 'nal', 'hin',,0,,com,, 'a',-1.0,1,csv_malware,,, 'h'
-1.0,0,0,['p', 'r',com, ('vk.com', 86)], 'ode'],,0,,,0, 'e'],, LLC, 'jco', 'c',0.0, 'd',[('qq.com',11,,-1.0, 'j',['prj',, 86), 'cod', 'rjc',,,,-1.0,, 'o',GoDaddy.com,1,csv_malware,,, 'r'
0,0,['r', 'e', 'l',-1.0, 86)],com,0.0,,,,,-1.0,8,,0, 'ima', 'm',0, 'r'], 86),[('qq.com',,['rel', 'i', 'eli',, ('vk.com', 'mar'], 'lim',,,,Arsys Internet,, 'a', S.L. dba NICLINE.COM,1,csv_malware,,, 'l'
8,[('qq.com', 86), ('vk.com', 86)],,0,,,,,,,,-1.0,,,,-1.0,,0, 'dby'],['gdb',,,com.cn,,,0.0,,,,,,,,北京新网互联科技有限公司,,1,csv_malware,,, 86)]
 'd', 'q', 'y', 'y', 's'],['cdq',0,-1.0,,,,,,0.0, 86)],, 'yys'],,[('qq.com',, ('vk.com',-1.0,com,,0,7,,,XINNET TECHNOLOGY CORPORATION,,,,,, 'dqy',, 86), 'qyy',1,csv_malware,,, 's']
['c', 'd', 'q', 'y', 'y',-1.0,XINNET TECHNOLOGY CORPORATION,0,,,,,, 'yys'], ('vk.com',, 'qyy',,10,, 86),com, 86)],,0.0, 's'],0,,-1.0,,,,,,['cdq',,[('qq.com', 'dqy',1,csv_malware,,, 'y'
,-1.0,0,0,['s', 86),10,[('t.co', 'amw',, 'woo', 'oin', 'ind'],-1.0, 'o',,co.kr,-1.0, 'm', 'mwo', 'o', 'n', 'i',0.0,Inames Co., 'a', Ltd.(http://www.inames.co.kr),0, 'd'],['sam',0,, 'ooi',, ('bbc.co.uk',, 'w', 86)],1,csv_malware,,,['s'
0,0,['l', 'f', 'c',-1.0, 90)],com,0,,,,,['lfc',8,,-1.0, 'aft'], 'a',, 't'], 90),[('t.co',, 'fcr', 'r', 'cra',, ('ft.com',0.0, 'raf',,,,DropCatch.com 712 LLC,, 'f',0,1,csv_malware,,, 'c'
-1.0,0,0,['e', 't', 86)], 86), ('vk.com', 'gru',,0.0,,,0, 'u',,NICS Telekomunikasyon A.S., 's-g', '-', 'rup'], 'r',9, 'p'],,-1.0, 's',['ets',,[('qq.com', '-gr', 'ts-',,0,,com,, 'g',-1.0,1,csv_malware,,, 't'
 't', 'e', 'l'],7,[('deloitte.com', 'tte',['dit', 'itt',,,,,,,-1.0,,0,, ('intel.com',,sk,0,,,, 57),,,-1.0,,,,,, 'tel'],, 56)],0.0,1,csv_malware,,,[('deloitte.com'
-1.0,0,0,['h', 'u', 86)], 86), ('apple.com', 'akm',,0.0,,,0, 'm',,北京新网数码信息技术有限公司, 'ida', 'd', 'kms'], 'k',9, 's'],,-1.0, 'i',['hui',,[('google.com', 'dak', 'uid',,0,,com.cn,, 'a',-1.0,1,csv_malware,,, 'u'
['n', 'b', 'y', 'u', 'x',0,-1.0,,,,,,, 'yux', 86),, 'byu',0, 'n'],,[('qq.com', 86)], ('vk.com',, 'uxi', 'i', 'xin'],,com,,0.0,,,,,,11,['nby',1,csv_malware,,, 'x'
 'x', '8'],6,[('qq.com', 86), 'ix8'],['ifi', 'fix',,,,,,,Alibaba Cloud Computing (Beijing) Co.,,,, 86)],,-1.0,0, Ltd.,,, ('vk.com',,,-1.0,,,,,,9.090909090909092,,com,0,1,csv_malware,,, 86)
,-1.0,0,0,['l', ('vk.com',[('qq.com', 86), 'oba',, 'aoz',10.526315789473683,0,DYNADOT, 'o',,-1.0,['lao', 'o', 'bao', 'a', 'j'], 'z',, LLC, 'a',0,,13, 'aob',-1.0,, 'ozj'],, 86)],, 'b',com,1,csv_malware,,,['l'
0,['q', 'h', 'd', 'a', Ltd.,-1.0,Alibaba Cloud Computing (Beijing) Co.,,,,,, 'hda', 90),,['qhd',0, 't'],,[('t.co', 86)], ('qq.com',, 'das', 's', 'ast'],,com,,0.0,,,,0,,10,-1.0,1,csv_malware,,, 'a'
 's', 'r', 'l', 'y'],9,['rsr',0,-1.0,,,,,,0,com,,0.0,, 86),, 86)],! #1 Host Australia,-1.0,,,[('qq.com',,, Inc.,,,,,, 'srl',, ('vk.com', 'rly'],1,csv_malware,,,9
 'c', '1', '2', '3', '4'],['yc1',0,,,,,,,25.0, 86)],, '234'],,[('qq.com',, ('vk.com',-1.0,com,,0,10,,,,,,,,, 'c12',, 86), '123',1,csv_malware,,, '4']
 's', 'e', 'r', 'c', 'h'],-1.0, LLC,0,,,,,, 'rch'], 86)],, 'erc',,[('qq.com',, ('vk.com',-1.0,com,,0.0,7,0,,GoDaddy.com,,,,,,['yse',, 86), 'ser',1,csv_malware,,, 'h']
 'a'],6,[('qq.com', 86), ('vk.com',0, 'epa'],0.0,,,,,,,0,,,,com,,,['qwe',,,, 86)],,, 'wep',,,,,,,,-1.0,,1,csv_malware,,, ('vk.com'
CN,-1.0,0,0,['m', 86)], 86), ('vk.com', '234'],,0,,,0, '3',,Domainwards.com LLC, 'n12', 'n',23.529411764705877, '2',11, '4'],,-1.0, 'a',['man',,[('qq.com', '123', 'an1',,,,com,, '1',-1.0,1,csv_malware,,,['m'
 'l', 'o', 'y', 'e', 'd'],-1.0, Inc.,0,,,,,, 'yed'], 86)],, 'oye',,[('qq.com',, ('vk.com',-1.0,com,,0.0,7,0,,eNomAte,,,,,,['elo',, 86), 'loy',1,csv_malware,,, 'd']
US,-1.0,0,0,['h', ('a8.net',[('php.net', 86), 'ps4',, '443'],0,,PDR Ltd. d/b/a PublicDomainRegistry.com, '4',,-1.0, 'ttp', 't', 's44', 's', '3'], '4',,0, 't',3562393.0,,14, 'tps',['htt',,15.0,, 86)],, 'p',net,1,csv_malware,,,['h'
 'w', 'o', 'a', 'n'],7,['agw',0,-1.0,,,,,,0.0,com,, 'oan'],, 86),, 86)],GoDaddy.com,-1.0,,0,[('qq.com',,, LLC,,,,,, 'gwo',, ('vk.com', 'woa',1,csv_malware,,,7
TR,-1.0,0,0,['b', 86),10,[('php.net', 'rdo',, 'oba', 'ank'],0.0,-1.0, 'b',,net,['bor', 'r', 'dob', 'o', 'n', 'a',0,PDR Ltd. d/b/a PublicDomainRegistry.com, 'o',0,, 'k'], 'ord',-1.0,, 'ban',, ('a8.net',, 'd', 86)],1,csv_malware,,,['b'
 'b', 'd', 'd', 'p'],10, 'hbd',,['ahb',,,,,,0,com,,0.0,, 86),, 86)],,-1.0,,,[('qq.com',,,0,,,,,, 'bdd',, ('vk.com', 'ddp'],1,csv_malware,,,10
REDACTED FOR PRIVACY,-1.0,0,0,['a', ('vk.com',[('qq.com', 86), 'ike',, 'esi'],0,,XINNET TECHNOLOGY CORPORATION, 'e',,-1.0, 'oni', 'n', 'kes', 'k', 'i'], 's',,0, 'o',-1.0,,12, 'nik',['aon',,0.0,, 86)],, 'i',com,1,csv_malware,,,['a'
0,['g', 'e', 'n', '-',-1.0, 86)],com, 'ver'],,0,,,-1.0,9,,0, '-ev', 'v',0.0, 'r'], 86),[('qq.com',,['gen', 'e', 'en-',, ('vk.com', 'eve', 'n-e',,,,GoDaddy.com,, 'e', LLC,1,csv_malware,,, '-'
TR,-1.0,0,0,['z', ('a8.net',[('php.net', 86), 'roc',, 'cla',0.0,0,GoDaddy.com, 'l',,-1.0,['zer', 'r', 'ocl', 'c', 'n'], 'a',, LLC, 'e',0,,9, 'ero',-1.0,, 'lan'],, 86)],, 'o',net,1,csv_malware,,,['z'
 'e', 'r', 'f', 'e', 'r'],['ver',0,-1.0,,,,,,0.0, 86)],, 'fer'],,[('qq.com',, ('vk.com',-1.0,com,,0,7,,,WhatIsYourDomain LLC,,,,,, 'erf',, 86), 'rfe',1,csv_malware,,, 'r']
 54)],or.kr,-1.0,Inames Co., Ltd.(http://www.inames.co.kr),,,,,,,,,,0,,,,-1.0,,0.0,,,,,0,,,,,,,,,,,['mjw'],,1,csv_malware,,, ltd.(http://www.inames.co.kr)
 '8', '5', '3'],7,[('miitbeian.gov.cn', '585',['n85', '858',,,,,,,-1.0,,0,, ('miibeian.gov.cn',,cn,0,广州名扬信息科技有限公司,,, 86),,,-1.0,,,,,, '853'],, 86)],45.45454545454545,1,csv_malware,,,[('miitbeian.gov.cn'
CA,-1.0,0,0,['w', 86),10,[('qq.com', 'ied',, 'dem', 'man', 'ann'],-1.0, 'm',,com,-1.0, 'e', 'ede', 'e', 'n', 'a',0.0,TUCOWS, 'i', INC.,0, 'n'],['wie',0,, 'ema',, ('vk.com',, 'd', 86)],1,csv_malware,,,['w'
['c', 'e', 'o', 'c', 'm',-1.0,DropCatch.com 501 LLC,0,,,,,, 'cms'], ('vk.com',, 'ocm',,7,, 86),com, 86)],,0.0, 's'],0,,-1.0,,,,,,['ceo',,[('qq.com', 'eoc',1,csv_malware,,, 'm'
['k', 'a', 'r', 'o', 'o'],653732.0, LLC,0,,,,,,0.0, 86)],, 'roo'],,[('slideshare.net',, ('doubleclick.net',-1.0,net,,0,14,,,Network Solutions,,,,,,['kar',, 86), 'aro',1,csv_malware,,, 'o']
 'lo', 'og', 'gs', 'sp', 'po', 'g', 'l', 'o',com,0.0,,,['blo', 't'],,0.0, 'o', ('blogspot.com.es',,-1.0,,0,0, 'log',45, 'ot'],[('blogspot.com', 'ogs',['b', 95)], 100), 'spo',0, 'gsp', 's', 'pot'],0, 'p',1,csv_malware,,, 'po'
['b', 'l', 'o', 'g', 'g',0,-1.0,,,,,,, 'ogg', 100),, 'log',0, 'r'],,[('blogger.com', 86)], ('qq.com',, 'gge', 'e', 'ger'],,com,,0.0,,,,,,11,['blo',1,csv_malware,,, 'g'
 '0', '5', '6', '7', '8'],['805',0,-1.0,,,,,,50.0, 86)],, '678'],,[('qq.com',, ('vk.com',,com,,0,7,,,PDR Ltd. d/b/a PublicDomainRegistry.com,,,,,, '056',, 86), '567',1,csv_malware,,, '8']
 'l'],6,[('miitbeian.gov.cn', 86), ('miibeian.gov.cn',0, 'nwl'],0.0,,,,,,,0,,,,cn,,北京新网互联科技有限公司,['bbn',-1.0,,, 86)],,, 'bnw',,,,,,,,-1.0,,1,csv_malware,,, ('miibeian.gov.cn'
0,['e', 'p', 'a', 'c'],['epa',0,447288.0,,,,,,, 64)],,0,,[('epa.gov',, ('t.co',-1.0,to,,,14,,,,,,,,, 'pac'],, 71),0.0,1,csv_malware,,, 'c']
-1.0,0,0,['g', 'd', 86),11,[('twitter.com', 'din',, 'ngt', 'tia', 'ian'],-1.0, 't',,com.cn,['gdd', 'i', 'ing', 'g', 'a', 'i',0.0,阿里云计算有限公司（万网）, 'd',0,0, 'n'], 'ddi',-1.0,, 'gti',, ('google.com',, 'n', 86)],1,csv_malware,,, 'd'
 'u', 'g', 'a', 'm', 'i'],['aug',0,-1.0,,,,,,0.0, 86)],, 'ami'],,[('doubleclick.net',, ('sourceforge.net',-1.0,net,,0,7,,,PDR Ltd. d/b/a PublicDomainRegistry.com,,,,,, 'uga',, 86), 'gam',1,csv_malware,,, 'i']
[('gnu.org', 64), ('entrepreneur.com', 57)],nu,,,,,,,,,,[],,,,NuNames.nu,,-1.0,0,12.5,,,-1.0,,,,,,,,,,,0,,1,csv_malware,,,nu
 'p'],8,[('wordpress.org', 86), ('wikipedia.org',,7.142857142857142,0,,,,,,,0,,,,org,,DropCatch.com 703 LLC,['nim',-1.0,,, 86)],,, 'imp'],,,,,,,,-1.0,,1,csv_malware,,, ('wikipedia.org'
KY,-1.0,0,0,['n',DropCatch.com 703 LLC,org,-1.0,,,,,, 'imp'],[('wordpress.org',,['nim',, 'm',,25, ('wikipedia.org', 86),,0.0, 'i',0,, 86)],,,,,,0,, 'p'],-1.0,1,csv_malware,,,['n'
 'u', 'b', 'o'],9,[('slideshare.net', 'ubo'],['ewu', 'wub',,,,,,,-1.0,,,, ('doubleclick.net',,net,0,Domain Grabber LLC,,, 86),,,-1.0,,,,,,6.666666666666668,, 86)],0,1,csv_malware,,,[('slideshare.net'
0,['n', 'b', 'a', '1',NAMECHEAP INC,net,-1.0,,,,,, 'ba1',[('php.net',,['nba',30.76923076923077, '0',,8, ('a8.net', 86),, 'a10', '0', '100',, 86)],0, '001'],,,,0,, '1'],-1.0,1,csv_malware,,, '1'
[('slideshare.net', 86), ('doubleclick.net', 86)],net,,,,,,,,,,-1.0,,,,NameSilo,,0,15.384615384615385,['39m'],,,-1.0,,,0,,,,,,,, LLC,,1,csv_malware,,,net
 'c', 'y', 'c', 'n', 'y'],['ccy',0,-1.0,,,,,,0.0, 86)],, 'cny'],,[('qq.com',, ('vk.com',-1.0,com,,0,10,,,MAFF Inc.,,,,,, 'cyc',, 86), 'ycn',1,csv_malware,,, 'y']
CN,-1.0,0,0,['j', ('vk.com',[('qq.com', 86), 'xua',, 'any',0.0,0,Chengdu west dimension digital technology Co., 'n',,-1.0,['jix', 'x', 'uan', 'a', 'a'], 'y',, LTD, 'i',0,,12, 'ixu',-1.0,, 'nya'],, 86)],, 'u',com,1,csv_malware,,,['j'
 '0', '0', '3', 'x', 'x'],-1.0, LLC,0,,,,,, '3xx'], 86)],, '03x',,[('qq.com',, ('vk.com',-1.0,com,,25.0,10,0,,GoDaddy.com,,,,,,['200',, 86), '003',1,csv_malware,,, 'x']
['z', 'o', 'y'],15,[('wordpress.org',0,['zoy'],0.0,,,,,,,-1.0,,,, ('wikipedia.org',,org,0,,,, 86),,,,,,,,,,, 86)],,1,csv_malware,,,[('wordpress.org'
 'id', 'ds'],he bei,0,China, 'i', 'y', 'v',MAFF Inc.,0.0,-1.0, 'pun', 'unk',[('apple.com', 'p',0.0,11,com,0,0,['s', 'n', 'u', 'nky', 86),-1.0, ('adobe.com', 'kyv', 'k',-1.0, 86)], 'vid',['spu', 'yvi', 'd', 'ids'],0, 's'],1,csv_malware,,,china
CN,-1.0,0,0,['x', ('vk.com',[('qq.com', 86), 'gus',, 'sha',0.0,0,22NET, 'h',,-1.0,['xig', 'g', 'ush', 's', 'n'], 'a',, INC., 'i',0,,9, 'igu',-1.0,, 'han'],, 86)],, 'u',com,1,csv_malware,,,['x'
 '8'],6,[('slideshare.net', 86), ('doubleclick.net',0, '118'],45.45454545454545,,,,,,,0,,,,net,,XINNET TECHNOLOGY CORPORATION,['801',-1.0,,, 86)],,, '011',,,,,,,,,,1,csv_malware,,, ('doubleclick.net'
0,['y', 't', 'x', '3', LLC,-1.0,NameSilo,,,,,, 'tx3', 86),,['ytx',0, '0'],,[('qq.com', 86)], ('vk.com',, 'x36', '6', '360'],,com,,25.0,,,,0,,7,-1.0,1,csv_malware,,, '3'
 ('mlit.go.jp', 86)],ro,-1.0,RCS & RDS SA,,,,,,,,,,0,,,,149695.0,,0.0,,,,,0,,,,,,,,,,,[],,1,csv_malware,,,rcs & rds sa
[('google.pl', 86), ('nazwa.pl', 86)],pl,,,,,,,,,,[],,,,,,1909461.0,0,0.0,,,-1.0,,,,,,,,,,,0,,1,csv_malware,,,pl
[('vkontakte.ru', 86), ('ok.ru', 54)],ru,,,,,,,,,,['wtr',,,,REGRU-RU,,-1.0,11.111111111111109, 'tr1'],,,-1.0,,,0,,,,,,,,0,,1,csv_malware,,,ru
[('iso.org', 57), ('sohu.com', 53)],so,,,,,,,,,,['17s',,,,Key-Systems,,-1.0,22.222222222222218, '7so'],,,-1.0,,,0,,,,,,,,0,,1,csv_malware,,,so
 'e', 'r', 'a'],7,[('gesetze-im-internet.de', 'ser',['als', 'lse',,,,,,,-1.0,,0,, ('web.de',,de,0,,,, 86),,,-1.0,,,,,, 'era'],, 86)],0.0,1,csv_malware,,,[('gesetze-im-internet.de'
-1.0,0,0,['a', 'v', ('ok.ru',[('mail.ru', 86), 'oba',, 'ank',0.0,0,REGRU-RU, 'n',,-1.0, 'vto', 'o', 'ban', 'a', 'a'], 'k',,0, 't',-1.0,,10, 'tob',['avt',, 'nka'],, 86)],, 'b',ru,1,csv_malware,,, 'v'
12,[('yelp.com', 68), ('google.fr', 60)],,,,,,,,,,-1.0,,,,-1.0,,0,0.0,[],,,ro,,,0,,,,,,,,ICI - Registrar,,1,csv_malware,,, 60)]
['6', '6', '6', '0', '0',XINNET TECHNOLOGY CORPORATION,com,,0,,,,, '660',[('qq.com',,['666', '619'], '1',,9, ('vk.com', 86),, '600', '6', '006',, 86)],57.14285714285714, '061',,,,0,, '9'],-1.0,1,csv_malware,,, '0'
['s', 'a', 'h', 'a', 'f',0,-1.0,NICS Telekomunikasyon A.S.,,,,,, 'haf', 86),, 'aha',0, 'i'],,[('qq.com', 86)], ('vk.com',, 'afc', 'c', 'fci'],,com,,0.0,,,,-1.0,,8,['sah',1,csv_malware,,, 'f'
 'o'],5,[('sedo.com', 100), ('facebook.com',,0.0,0,,,,,,,0,,,,com,,RegistryGate GmbH,['sed',5310.0,,, 86)],,, 'edo'],,,,,,,,-1.0,,1,csv_malware,,, ('facebook.com'
0,0,['r', 'r'],17,9.090909090909092,-1.0,[],,,,,,,nu,,,, 64),, 57)],NuNames.nu,-1.0,,,[('gnu.org',,,0,,,,,,0,, ('entrepreneur.com',,1,csv_malware,,,17
 'z'],12,[('phoca.cz', 86), ('cbc.ca',,0.0,0,,,,,,, LLC,,,,cc,,GoDaddy.com,-1.0,0,,, 55)],,,[],,,,,,,,-1.0,,1,csv_malware,,, ('cbc.ca'
 'l', 'i', 'm', 'a', 'n'],-1.0, LLC,0,,,,,, 'man'], 86)],, 'ima',,[('qq.com',, ('vk.com',-1.0,com,,0.0,7,0,,GoDaddy.com,,,,,,['bli',, 86), 'lim',1,csv_malware,,, 'n']
 'n', 'y', 'o', 'g', 'a'],['fny',0,-1.0,,,,,,0.0, 45)],, 'oga'],,[('debian.org',, ('bbb.org',-1.0,biz,,0,7,,,,,,,,, 'nyo',, 48), 'yog',1,csv_malware,,, 'a']
 'r'],15,[('gnu.org', 64), ('entrepreneur.com',,0,,,,,,,,0,,,,nu,,NuNames.nu,[],-1.0,,, 57)],,,10.0,,,,,,,,-1.0,,1,csv_malware,,, ('entrepreneur.com'
 'e'],12,[('google.pl', 86), ('home.pl',,0,,,,,,,,0,,,,pl,,,['bee'],626302.0,,, 62)],,,0.0,,,,,,,,-1.0,,1,csv_malware,,, ('home.pl'
,-1.0,0,0,['r', 86),10,[('4.cn', 'vel',, 'lot', 'tti'],0.0,-1.0, 'o',,cn,['rav', 'v', 'elo', 'l', 't', 't',0,成都西维数码科技有限公司, 'a',0,, 'i'], 'ave',-1.0,, 'ott',, ('360.cn',, 'e', 86)],1,csv_malware,,,['r'
 'a', 'g', 'i'],7,[('t.co', 'nag',['yan', 'ana',,,,,,,-1.0,,0,, ('g.co',,co.kr,0,,,, 86),,,-1.0,,,,,, 'agi'],, 86)],0.0,1,csv_malware,,,[('t.co'
 's'],6,[('linkedin.com', 50), ('illinois.edu',0, 'lls'],0.0,,,,,,,0,,,,ind.in,,Dynadot LLC,['pil',-1.0,,, 50)],,, 'ill',,,,,,,,-1.0,,1,csv_malware,,, ('illinois.edu'
 'l', 'l', 's'],9,[('linkedin.com', 'lls'],['pil', 'ill',,,,,,,-1.0,,,, ('illinois.edu',,ind.in,0,Dynadot LLC,,, 50),,,-1.0,,,,,,5.5555555555555545,, 50)],0,1,csv_malware,,,[('linkedin.com'
0,0,['r', 'r'],18,8.695652173913043,-1.0,[],,,,,,,nu,,,, 64),, 57)],NuNames.nu,-1.0,,,[('gnu.org',,,0,,,,,,0,, ('entrepreneur.com',,1,csv_malware,,,18
[('admin.ch', 60), ('1und1.de', 54)],hu,,,,,,,,,,[],,,,,,-1.0,0,6.25,,,-1.0,,,,,,,,,,,0,,1,csv_malware,,,hu
11,[('gnu.org', 64), ('entrepreneur.com', 57)],,,,,,,,,,-1.0,,,,-1.0,,0,12.5,[],,,nu,,,0,,,,,,,,NuNames.nu,,1,csv_malware,,, 57)]
['r', 'r'],16,[('gnu.org', 64),,9.523809523809524,0,,,,,,,NuNames.nu,,,, 57)],,-1.0,-1.0,0,,, ('entrepreneur.com',,,[],,,,,,,,nu,,1,csv_malware,,, 64)
 'e', 'e', 'd'],7,[('si.edu', 'pee',['7sp', 'spe',,,,,,,-1.0,,0,, ('sedo.com',,info,0,,,, 57),,,-1.0,,,,,, 'eed'],, 53)],7.6923076923076925,1,csv_malware,,,[('si.edu'
0,['0', 'l', 'x'],12,44.444444444444436,1563984.0,['0lx'],,,,,,,net,,,, 86),, 86)],NAMECHEAP INC,-1.0,,,[('slideshare.net',,,0,,,,,,0,, ('doubleclick.net',,1,csv_malware,,,12
CN,-1.0,0,0,['c', 86),10,[('qq.com', 'hin',, 'nac', 'cxy', 'xyy'],-1.0, 'c',,com,-1.0, 'i', 'ina', 'a', 'y', 'x',0.0,Alibaba Cloud Computing (Beijing) Co., 'h', Ltd.,0, 'y'],['chi',0,, 'acx',, ('vk.com',, 'n', 86)],1,csv_malware,,,['c'
[('aboutads.info', 59), ('office.com', 53)],info,,0,,,,,,,,-1.0,,,,Wild West Domains,,0, 'fsi'],['ffs',,,-1.0,,,0.0,,,,,,,, LLC,,1,csv_malware,,,info
 'b', 'l', 'o', 'g'],8, 'olb',,['lol',,,,,,0.0,cn,, 'log'],, 86),, 86)],,-1.0,,0,[('miitbeian.gov.cn',,,0,,,,,, 'lbl',, ('miibeian.gov.cn', 'blo',1,csv_malware,,,8
0,['n', 'i', 'n', 'j',GoDaddy.com,com,-1.0,0,,,,,['nin',[('qq.com',,-1.0, 'afy'], 'f',,8, ('vk.com', 86),, 'inj', 'a', 'nja',, 86)],0.0, 'jaf',,,, LLC,, 'y'],0,1,csv_malware,,, 'j'
 'n'],7,[('4.cn', 64), ('cnn.com',,0,,,,,,,,0,,,,cc,,WEBCC,['lcn'],-1.0,,, 62)],,,0.0,,,,,,,,-1.0,,1,csv_malware,,, ('cnn.com'
0,['c', 'z'],14,[('phoca.cz',26.315789473684212,-1.0,[],,,,,,,-1.0,,,, ('cbc.ca',,cc, LLC,GoDaddy.com,,, 86),,,0,,,,,,0,, 55)],,1,csv_malware,,,[('phoca.cz'
 'e', '4', 'w', 'e', 'e'],['wee',0,-1.0,,,,,, 'wee'], 47)],, '4we',,[('wp.me',, ('si.edu',-1.0,ws,,8.333333333333332,8,0,,GLOBAL DOMAINS INTERNATIONAL,,,,,, 'ee4',, 51), 'e4w',1,csv_malware,,, 'e']
['w', 'e', 'e', '4', 'w',0,-1.0,GLOBAL DOMAINS INTERNATIONAL,,,,,, 'e4w', 51),, 'ee4',0, 'e'],,[('wp.me', 47)], ('si.edu',, '4we', 'e', 'wee'],,ws,,17.647058823529417,,,,-1.0,,12,['wee',1,csv_malware,,, 'w'
-1.0,West263 International Limited,0,-1.0,[],,,,,,,,,,,,,,0,,,,,,,0.0,,,,,,,,,,,,,1,csv_malware,,,[]
0,['y', 'e', 's', '4',GoDaddy.com,net,-1.0,0,,,,,['yes',[('php.net',,-1.0, 'biz'], 'i',,8, ('a8.net', 86),, 'es4', 'b', 's4b',, 86)],7.6923076923076925, '4bi',,,, LLC,, 'z'],0,1,csv_malware,,, '4'
 'e'],9,[('facebook.com', 86), ('instagram.com',0, '3se'],13.333333333333336,,,,,,, LLC,,,,com,,DYNADOT,-1.0,0,,, 86)],,,['93s',,,,,,,,-1.0,,1,csv_malware,,, ('instagram.com'
 '9', '8', '9', '9', '1'],-1.0, Inc.,0,,,,,, '899', 86)],, '989',,[('qq.com',, ('vk.com',,com,, '991'],8,53.846153846153854,,OnlineNIC,,0,,,,['779',, 86), '798',1,csv_malware,,, '1']
 '7', '9', '8', '9', '9',0,OnlineNIC, Inc.,,,,,, '989', ('vk.com',, '798',0,11,, 86),com, 86)],, '899', '1'], '991'],,,,41.17647058823529,,,,-1.0,,[('qq.com',['779',1,csv_malware,,, '9'
['z', 'g', 'f', 'h', 'l'],-1.0, Ltd.,0,,,,,,0.0, 86)],, 'fhl'],,[('qq.com',, ('vk.com',-1.0,com,,0,9,,,Alibaba Cloud Computing (Beijing) Co.,,,,,,['zgf',, 86), 'gfh',1,csv_malware,,, 'l']
REDACTED FOR PRIVACY,-1.0,0,0,['g', ('a8.net',[('php.net', 86), 'ian',, 'nfu'],0,,XINNET TECHNOLOGY CORPORATION, 'n',,-1.0, 'zti', 't', 'anf', 'a', 'u'], 'f',,0, 'z',-1.0,,9, 'tia',['gzt',,0.0,, 86)],, 'i',net,1,csv_malware,,,['g'
 'd', 'u'],9,[('baidu.com', 100),0.0, 'aid', 'idu'],,,,,,,,,,, 86)],,-1.0,,0,,, ('qq.com',,,['bai',,,,,,0,,com,,1,csv_malware,,, 100)
['h', 'n', 'z', 't', '5',-1.0,XINNET TECHNOLOGY CORPORATION,0,,,,,, 't56'], ('vk.com',, 'zt5',,7,, 86),com, 86)],,16.666666666666664, '6'],0,,-1.0,,,,,,['hnz',,[('qq.com', 'nzt',1,csv_malware,,, '5'
 's', 'p', 'k', 'g', 'j'],['jsp',0,-1.0,,,,,,0.0, 86)],, 'kgj'],,[('qq.com',, ('vk.com',-1.0,com,,0,7,,,XINNET TECHNOLOGY CORPORATION,,,,,, 'spk',, 86), 'pkg',1,csv_malware,,, 'j']
CN,-1.0,0,0,['k', ('vk.com',[('qq.com', 86), 'nsl',, 'lat',0.0,0,Alibaba Cloud Computing (Beijing) Co., 'a',,-1.0,['kin', 'n', 'sla', 'l', 'e'], 't',, Ltd., 'i',0,,9, 'ins',-1.0,, 'ate'],, 86)],, 's',com,1,csv_malware,,,['k'
['y', 'e', 's', '1', '8',0,-1.0,MAFF Inc.,,,,,, 's18', 86),, 'es1',0, '9'],,[('qq.com', 86)], ('vk.com',, '189', '9', '899'],,com,,30.76923076923077,,,,-1.0,,8,['yes',1,csv_malware,,, '8'
 'y', 'u', 'e'],7,[('line.me', 'nyu',['yin', 'iny',,,,,,,-1.0,,0,, ('intel.com',,fm,0,,,, 62),,,,,,,,, 'yue'],, 56)],0.0,1,csv_malware,,,[('line.me'
REDACTED FOR PRIVACY,-1.0,0,0,['y', ('qq.com',[('ted.com', 90), 'nit',, 'ted'],0,,XINNET TECHNOLOGY CORPORATION, 't',,-1.0, 'zun', 'u', 'ite', 'i', 'd'], 'e',,0, 'z',-1.0,,9, 'uni',['yzu',,0.0,, 86)],, 'n',com,1,csv_malware,,,['y'
 'h', 's', '3', '8', '9'],-1.0, Inc.,0,,,,,, '389'], 86)],, 's38',,[('qq.com',, ('vk.com',-1.0,com,,25.0,7,0,,KQW,,,,,,['zhs',, 86), 'hs3',1,csv_malware,,, '9']
 'm', 't', '1', '0', '0'],-1.0, LLC,0,,,,,, '100'], 86)],, 't10',,[('qq.com',, ('vk.com',-1.0,com,,25.0,7,0,,GoDaddy.com,,,,,,['zmt',, 86), 'mt1',1,csv_malware,,, '0']
,-1.0,0,0,['o',-1.0, 86)],ru,,,,,,['ofs',20,,-1.0,0, 's',, 'o'], 86),[('vkontakte.ru',, 'fso', 'f', 'soo'],, ('ok.ru',,0.0,,,,FE-RU,, 'o',0,1,csv_malware,,,['o'
 'h', 'c', 'z', 'w', 'z'],['ahc',0,-1.0,,,,,,0.0, 86)],, 'zwz'],,[('qq.com',, ('vk.com',-1.0,com,,0,7,,,XINNET TECHNOLOGY CORPORATION,,,,,, 'hcz',, 86), 'czw',1,csv_malware,,, 'z']
 't', 't', '8'],9,[('w3.org', 'ytt',-1.0,['dyt',,,,,,,-1.0,,0,, ('creativecommons.org',,org, LLC,GoDaddy.com,,, 86),,,0,,,,,, 'tt8'],, 86)],6.666666666666668,1,csv_malware,,,[('w3.org'
 't', 'k', 'd', 'y', 'w'],-1.0, LLC,0,,,,,, 'dyw'], 86)],, 'kdy',,[('qq.com',, ('vk.com',-1.0,com,,0.0,7,0,,GoDaddy.com,,,,,,['ttk',, 86), 'tkd',1,csv_malware,,, 'w']
0,0,['h', '1', '6'],['h16'],0,10073299.0,,,,,,, 86)],,,,[('yandex.ru',, ('vkontakte.ru',-1.0,ru,,,15,,,SALENAMES-RU,,,,,,10.0,, 86),0,1,csv_malware,,, '6']
NL,-1.0,0,0,['p', 86),10,[('qq.com', 'pau',, 'usa', 'afr'],0.0,-1.0, 's',,com,['pap', 'p', 'aus', 'u', 'f', 'a',0,NAMECHEAP INC, 'a',0,, 'r'], 'apa',-1.0,, 'saf',, ('vk.com',, 'a', 86)],1,csv_malware,,,['p'
 'b', '0', '5', '7', '7'],-1.0, INC.,0,,,,,, '577'], 86)],, '057',,[('qq.com',, ('vk.com',-1.0,com,,33.33333333333333,7,0,,22NET,,,,,,['rb0',, 86), 'b05',1,csv_malware,,, '7']
 'e', 'n', 's'],9,[('php.net', 'ens'],['tie', 'ien',,,,,,,-1.0,,,, ('a8.net',,net.cn,0,成都飞数科技有限公司,,, 86),,,-1.0,,,,,,0.0,, 86)],0,1,csv_malware,,,[('php.net'
 'in', 'nm'],REDACTED FOR PRIVACY,0,REDACTED FOR PRIVACY,[('doubleclick.net', 'm'],22, 'ogi',, 'inm'],0,,net, 'o',, 86)],-1.0,0, 'gin',['l', 'i', 'g',,-1.0,-1.0,ABOVE.COM PTY LTD.,, 'n',['log',0,,0.0,, 86),,0, ('sourceforge.net',1,csv_malware,,,redacted for privacy
 'r': 2}),['lo', 'og', 'gi', 'in', 'i', 'o', 'g',ABOVE.COM PTY LTD.,,-1.0, 'ogi', 'gin',[('doubleclick.net',-1.0,,27,net,REDACTED FOR PRIVACY,0,REDACTED FOR PRIVACY,0,0, 'inm'], 86), 'nm'], ('sourceforge.net',6.0606060606060606,['l',-1.0, 86)],,['log',0, 'n',,0, 'm'],1,csv_malware,,, 'in'
US,-1.0,0,0,['d', 86)], 86), ('vk.com', 'usr',,0.0,,, Inc. DBA NameBright.com, 'r',,TurnCommerce, 'omu', 'm', 'sre'], 's',11, 'e'],,0, 'o',-1.0,,[('qq.com', 'mus',['dom',,0,,com,, 'u',-1.0,1,csv_malware,,,['d'
['q', 'i', 'i', '6', '7',0,22NET, INC.,,,,,, 'i67', ('vk.com',, 'ii6',,10,, 86),com, 86)],, '678'], '8'],18.75,,-1.0,,0,,,,-1.0,,[('qq.com',['qii',1,csv_malware,,, '7'
 'e', 'e', 'n', 'o', 'u'],-1.0, LLC,0,,,,,, 'nou'], 86)],, 'eno',,[('qq.com',, ('vk.com',-1.0,com,,0.0,7,0,,GoDaddy.com,,,,,,['mee',, 86), 'een',1,csv_malware,,, 'u']
www.NameSRS.com,0,-1.0,[],28.57142857142857,,,,,,,,,,,,,,,,,,,,,0,,,,,,,,,,,,,1,csv_malware,,,28.57142857142857
US,-1.0,0,0,['3',com, ('vk.com', 86)],20.0,,,,,0, 'n'],, LLC, 'dow', 'd',0, 'w',[('qq.com',14,,7940763.0, 'd',['3dd',, 86), 'own'], 'ddo',,,,-1.0,, 'o',Sea Wasp,1,csv_malware,,,['3'
7,[('cdc.gov', 59), ('fcc.gov', 59)],,0,,,,,,,,0,,,,-1.0,, Ltd.,['no8'],-1.0,,,cc,,,8.333333333333332,,,,,,,,Alibaba Cloud Computing (Beijing) Co.,,1,csv_malware,,, 59)]
 'g'],6,[('g.co', 90), ('qq.com',0, 'slg'],0.0,,,,,,,0,,,,com,,Foshan YiDong Network Co.LTD,['fss',-1.0,,, 86)],,, 'ssl',,,,,,,,-1.0,,1,csv_malware,,, ('qq.com'
CN,-1.0,0,0,['i', 86),10,[('qq.com', 'por',, 'rt1', '188'],20.0,-1.0, 't',,com,['imp', 'p', 'ort', 'r', '8', '1',0,1API GmbH, 'm',0,, '8'], 'mpo',-1.0,, 't18',, ('vk.com',, 'o', 86)],1,csv_malware,,,['i'
 'ad', 'du', 'ud', 'dn', 'ns'], 'd', 'd', 'u',1API GmbH,,-1.0, 'adu', 'dud',[('baidu.com',0,,22,cc,0,0,-1.0,['b',0, 'udn', 63),West Yorkshire, ('addthis.com', 'dns'], 'a',-1.0, 57)],0,['bad',22.222222222222218, 'n',,GB, 's'],1,csv_malware,,, 'ns']
 INC.,0,0,JP,defaultdict(<class 'int'>,['abuse@gmo.jp',['0900259.COM', 9:34:59.143460, '90', '59'],2019-06-11 12:32:01, '5': 1,4.0,0,0, '9', '9'],0,53.846153846153854, '00', '0', '2', {'0': 3, '0',314 days,0, '2': 1,-1.0,['09',9, '9': 2}), 'proxy@whoisprotectservice.com'],['0', '02',1.7806390622295662, '5', '0900259.com'], '25',1,csv_spam,,,defaultdict(<class 'int'>
0,0,,defaultdict(<class 'int'>, {'-': 1,,,0,['1a', '-f',0, 'f': 1, '9'],0,-1.0, '1': 1}), '-',0,0, 'a2', 'a', '2', '9': 1,['1',2.625,0.0, 'n': 1,9,, 'f', '2': 1,25.0, 'a': 1, '2n', 'f9'], 'n',, 'n-',1,csv_spam,,, {'-': 1
0,,defaultdict(<class 'int'>, {'-': 1, '7': 1,['7q',,, '-1',,27.27272727272727, '5': 1,-1.0,,0, 'q',o,0,, '1o'], '-', '1', 'q': 1, '5',,0, 'o': 1,0, '5-',0.0, '1': 1}), 'q5',['7',2.4063042189065182,, 'o'],,0,1,csv_spam,,, '7': 1
0,0,,defaultdict(<class 'int'>, {'b': 1,,,,['ab', 'ti',0, 'r': 1, 'r'],0,, 'o': 1}), 't',0,0, 'bo', 'b', 'o', 'i': 1,['a',2.625,, 't': 1,about,, 'i', 'a': 1,0.0, 'u': 1, 'ou', 'ir'], 'u',, 'ut',1,csv_spam,,, {'b': 1
0,0,US,defaultdict(<class 'int'>, {'l': 1,['go',,, 'gl', 18:07:57.223828,['abusecomplaints@markmonitor.com', 'g': 2}),0,0.0,0, 'o',8.0,1997-09-15 04:00:00, 'whoisrequest@markmonitor.com'], 'le'], 'l', 'e'], 'e': 1, 'g', 'google.com'],0, 'o': 2,0, 'og',1.0,['g', 'oo', 'o',1.8348756474779464,['GOOGLE.COM',google,,8253 days,1,csv_spam,,, {'l': 1
0,,defaultdict(<class 'int'>, {'l': 1, 'e': 1, 'og',,,1.8348756474779464,,['go',['g',0,,, 'g',,0.0, 'oo',, 'e'],google, 'o': 2, 'l',,0, 'g': 2}),0, 'le'],0, 'o', 'gl', 'o',,,,,,1,csv_spam,,, 'e': 1
0,0,US,defaultdict(<class 'int'>, {'m': 1,['ah',,, 'qv'],['AHMQV.COM',['abuse@godaddy.com', 'h': 1,0,0.0,0, 'h',2.0,2019-06-12 21:07:00, 'ahmqv.com@domainsbyproxy.com'],2.15413541726763, 'q', 'v'], 'a': 1, 'm',,0, 'v': 1,0, 'mq',-1.0, 'q': 1}), 'hm',['a',313 days, 'ahmqv.com'],mqv,, 1:01:02.885491,1,csv_spam,,, {'m': 1
1,KY,defaultdict(<class 'int'>, {'b': 1, 'n': 1,23.529411764705877,SCENBE.COM, 5:41:40.796810,['sc', 'be'],0, '8': 1,be,0,0, '5': 2}), 'b',0,2019-07-17 16:26:23, 'ce', 'c', 'e', 'c': 1,['s',278 days,-1.0, 's': 1,0.0, '3986518@PRIVACY-LINK.COM'], 'e'], '0': 1,['abuse@uniregistry.com', 'e': 2, 'en',2.7813014714884527, 'n',, 'nb',1,csv_spam,,, 'n': 1
0,0,,defaultdict(<class 'int'>, {'p': 2,0.0,,, 'pp', 'iw'],0, 'e': 1,apple,0,0,['a', 'i',0,, 'pl', 'p', 'l', 'i': 1, 'p',,, 'l': 1,,['ap', 'w'], 'a': 1,, 'w': 1}), 'le',2.375, 'e',, 'ei',1,csv_spam,,, {'p': 2
0,VN,defaultdict(<class 'int'>, {'i': 1, 'a': 1,['ca',,, 'iv', 20:49:40.732134,['abuse@pavietnam.vn', 'v': 1}),0,0.0,0, 'n',4.0,2019-05-10 01:19:09, 'phuvinh89@gmail.com'], 'vn'], 'v', 'n'], 'n': 2, 'i', 'canivn.com'],0, 'c': 1,0, 'ni',-1.0,['c', 'an', 'a',2.1205899331922318,['CANIVN.COM',ivn,,346 days,1,csv_spam,,, 'a': 1
 {'p': 1, 'c': 1, 'r': 1, 'd': 1, 'o': 2,,,,,,0,['c',,2.589735285398626,['co',com,0, 'om'],drop99.com.de,,-1.0,0, 'm': 1,0.0,,, '9': 2}),13.333333333333336,,0, 'o',, 'm'],,,0,,,1,csv_spam,,, 'o': 2
0,0,,defaultdict(<class 'int'>, {'n': 1,,,,['fe', 'nd',0, 'd': 1, 'h'],0,, 'h': 1}), 'n',0,0, 'ec', 'e', 'c', 'c': 1,['f',2.625,, 'f': 1,ndh,, 'd', 'e': 1,0.0, 'u': 1, 'cu', 'dh'], 'u',, 'un',1,csv_spam,,, {'n': 1
 {'r': 2, 'i': 4, 'c': 3, 'f': 1, 'j': 1,,,,3.3916777403881464,,, 'o': 3,0.0,0,0, 'd': 1, 'm'],0,0.0,0, 'u': 1}),['c', 'e': 1, 'a': 1,,0, 'm': 1,-1.0, 'om'],com, 'n': 2,['co', 's': 1,financeirojuridicos.com.de,, 'o',,,1,csv_spam,,, 'j': 1
0,,defaultdict(<class 'int'>, {'-': 1, 'b': 1,['fn',,, 'bs',,0.0, 's': 1,,,0, 'n',fn,0,, 'sa'], 'b', 's', 'n': 1, '-',,0, 'f': 1,0, '-b',, 'a': 1}), 'n-',['f',2.4063042189065182,, 'a'],,,1,csv_spam,,, 'b': 1
0,US,defaultdict(<class 'int'>, {'a': 1, 'r': 1, 'et',,,314 days,,['fr', 'f': 1}),0,abuse@namesilo.com,2019-06-11 20:23:17, 'e',-1.0,0.0, 're', 1:49:51.477728, 'a'],fret, 'e': 1, 't',,0, 't': 1,0,2.15413541726763,0,['f', 'ta'], 'r',freta.agency,,2.0,,,1,csv_spam,,, 'r': 1
 {'r': 1, 'c': 2, 'f': 1, 'g': 1, '0': 2,3.1130978892346173,,,,,['co', '6': 1,0,,,['c',-1.0,20.0, 'om'],, 'm'],com, 'e': 2, 'o',,0, '1': 1,0,geforce1060.com.de,0, 'm': 1,0, 'o': 2}),,,0.0,,,1,csv_spam,,, '0': 2
0,,defaultdict(<class 'int'>, {'n': 1, 'o': 1, 'ho',,, 'ns'],,, 'g': 1}),0,0.0,0, 'o',,,['gh',2.1205899331922318, 'n', 's'], 's': 2, 's',,0, 'h': 1,0, 'sn',,['g', 'os', 'h',,,sns,,,1,csv_spam,,, 'o': 1
0,,defaultdict(<class 'int'>, {'m': 2, 'd': 1, 'am',,, 'sd'],,, 's': 1}),0,0.0,0, 'm',,,['ha',2.1205899331922318, 's', 'd'], 'a': 1, 'm',,0, 'h': 1,0, 'ms',,['h', 'mm', 'a',,,hamm,,,1,csv_spam,,, 'd': 1
0,0,US,defaultdict(<class 'int'>, {'r': 1,['he',,, 'ey', 1:19:54.600907,0.0, 'h': 1,-1.0,2019-01-28 20:53:55,0, 'e',yr,0,abuse@godaddy.com, 'yr'], 'e', 'y', 'e': 2, 'v', 'heveyr.com'],0, 'v': 1,0, 've',2.0, 'y': 1}), 'ev',['h',2.1205899331922318,['HEVEYR.COM', 'r'],,448 days,1,csv_spam,,, {'r': 1
0,0,,defaultdict(<class 'int'>, {'3': 1,,,0,['m9', 'eo',0, 'o': 1, '3'],0,-1.0, '9': 1}), 'e',0,0, '9u', '9', 'u', '6': 1,['m',2.625,0.0, 'e': 1,3,, 'o', 'm': 1,25.0, 'u': 1, 'u6', 'o3'], '6',, '6e',1,csv_spam,,, {'3': 1
0,CN,defaultdict(<class 'int'>, {'c': 2, 'm': 1, 'vc'],,, 8:23:03.531568,, 'cb',['m',0,['mc',0.0, 'v',0,westabuse@gmail.com, 'bv',['MCBVC.COM',mc,4.0, 'v': 1, 'c'],,2019-12-06 13:53:47, 'b': 1}),0,136 days,0, 'c',1.8208020839342969, 'b', 'mcbvc.com'],,-1.0,,,1,csv_spam,,, 'm': 1
0,,defaultdict(<class 'int'>, {'b': 1, 'h': 1,['mz',,, 'sw',,0.0, 'w': 1,,,0, 'z',wh,0,, 'wh'], 's', 'w', 's': 1, 'b',,0, 'm': 1,0, 'bs',, 'z': 1}), 'zb',['m',2.4063042189065182,, 'h'],,,1,csv_spam,,, 'h': 1
defaultdict(<class 'int'>, {'n': 1, 't': 1, 'f': 1, 'g': 1}),NGTF.INFO,,,,,315 days, 't',0.0,1.8575424759098895, 'gt',2.0,0, 'tf'], 14:46:31.041217,,0,0,['n',-1.0,,['ng', 'g',abuse@moniker.com,,2019-06-10 07:32:49, 'f'],,ngt,,,0,,,1,csv_spam,,, 'g': 1})
0,,defaultdict(<class 'int'>, {'p': 1, 'x': 1,['o7',,, '6p',,27.27272727272727, '2': 1,-1.0,,0, '7',2,0,, 'p2'], '6', 'p', '6': 1, 'x',,0, '7': 1,0, 'x6',0.0, 'o': 1}), '7x',['o',2.4063042189065182,, '2'],,0,1,csv_spam,,, 'x': 1
0,,defaultdict(<class 'int'>, {'p': 2, 'c': 1, 'po',,,1.8348756474779464,,['op',['o',0,,, 'o',,0.0, 'pp',, 'f'],opp, 'f': 1, 'c',,0, 'o': 2}),0, 'cf'],0, 'p', 'oc', 'p',,,,,,1,csv_spam,,, 'c': 1
0,0,,defaultdict(<class 'int'>, {'p': 1,0.0,,, 'an', 'hu'],0, 'a': 2,panda,0,0,['p', 'h',0,, 'nd', 'n', 'd', 'n': 1, 'a',,, 'd': 1,,['pa', 'u'], 'u': 1,, 'h': 1}), 'da',2.375, 'a',, 'ah',1,csv_spam,,, {'p': 1
0,,defaultdict(<class 'int'>, {'p': 1, 't': 1,['po',,, 'tz',,0.0, 'z': 1,-1.0,,0, 'o',poet,0,, 'zy'], 't', 'z', 'y': 1, 'e',,0, 'e': 1,0, 'et',0.0, 'o': 1}), 'oe',['p',2.4063042189065182,, 'y'],,0,1,csv_spam,,, 't': 1
0,,defaultdict(<class 'int'>, {'-': 1, '8': 1,['q2',,, '8h',,27.27272727272727, 'q': 1,-1.0,,0, '2',5,0,, 'h5'], '8', 'h', '5': 1, '-',,0, '2': 1,0, '-8',0.0, 'h': 1}), '2-',['q',2.4063042189065182,, '5'],,0,1,csv_spam,,, '8': 1
0,0,,defaultdict(<class 'int'>, {'y': 1,0.0,,, 'ky', 'sa'],0, 'w': 1,sky,0,0,['s', 's',0,, 'yw', 'y', 'w', 's': 2, 'k',,, 'a': 1,,['sk', 'a'], 'k': 1,, 'o': 1}), 'wo',2.375, 'o',, 'os',1,csv_spam,,, {'y': 1
0,,defaultdict(<class 'int'>, {'n': 1, 'f': 1,['sw',,, 'nd',,0.0, 'a': 1,,,0, 'w',swan,0,, 'df'], 'n', 'd', 's': 1, 'a',,0, 'd': 1,0, 'an',, 'w': 1}), 'wa',['s',2.4063042189065182,, 'f'],,,1,csv_spam,,, 'f': 1
0,0,,defaultdict(<class 'int'>, {'r': 2,,,, 'ru',2.125,, 'u': 1,,0,0, 'e', 'r'],0,0.0, 'ub', 'u', 'b', 'e': 2, 'r',,0, 't': 1,, 'er',ruber, 'b': 1}),['te',['t', 'be',, 'e',, 'er'],1,csv_spam,,, {'r': 2
0,0,,defaultdict(<class 'int'>, {'i': 1,0.0,,, 'ia', 'cf'],0, 'f': 1,xiao,0,0,['x', 'c',0,, 'ao', 'a', 'o', 'c': 1, 'i',,, 'x': 2,,['xi', 'f'], 'a': 1,, 'o': 1}), 'ox',2.375, 'x',, 'xc',1,csv_spam,,, {'i': 1
0,,defaultdict(<class 'int'>, {'r': 1, 'e': 2, 'ev',,, 'yr'],,, 'y': 1}),0,0.0,0, 'v',,,['he',2.1205899331922318, 'y', 'r'], 'v': 1, 'e',,0, 'h': 1,0, 'ey',,['h', 've', 'e',,,yr,,,1,csv_spam,,, 'e': 2
,defaultdict(<class 'int'>, {'m': 1, 'a': 1, 'v': 1, 'qv'],,,,, 'hm',['a',0,['ah',0.0, 'q',0,, 'mq',,mqv,, 'h': 1, 'v'],,, 'q': 1}),0,,0, 'h',2.15413541726763, 'm',,,,,,1,csv_spam,,, 'v': 1
